x,y
-1.60989,0.0614127
0.254712,-0.793665
1.03055,-0.637622
-0.0691162,1.37829
0.498257,0.656532
1.46654,-0.609988
0.728308,0.166612
0.230068,1.14373
1.18389,0.892482
-1.14039,0.456303
-1.08718,-0.339881
0.118357,-0.0123101
-0.611308,-0.979593
-0.732696,0.0645872
-0.840758,1.12529
-1.02855,-0.787691
0.515115,1.28083
0.135743,-0.0818072
-0.177962,0.843543
0.454506,0.566712
-1.15002,0.980457
-0.75532,1.9334
1.50987,2.36889
1.27331,-0.473198
-0.354821,-1.11166
0.703239,-1.39998
0.671597,-0.470594
0.623928,-0.0780277
0.851565,0.627073
0.103037,-0.487218
1.31988,-0.315727
0.360188,1.52064
1.13106,-0.458036
0.877937,-0.815865
-1.76357,-1.02854
0.636146,1.48266
-0.202897,1.50371
-1.58168,1.3827
-0.637027,1.24289
0.385925,-0.714439
-0.94292,0.770421
-0.445867,-0.699927
0.715185,0.487704
1.13583,-0.506222
-0.891429,0.725022
-0.84334,2.01602
-0.284641,-1.29875
2.18563,0.997199
0.089902,-0.723171
-0.613459,0.516113
-0.491298,-1.01494
-1.53407,-0.0267832
-0.718925,-0.156009
0.619177,-1.14465
-0.739518,-1.93733
0.242539,1.38288
-0.320965,0.03999
0.737373,-0.405875
-1.41648,0.295526
0.620469,0.263177
0.53648,0.281492
0.685307,-0.573275
0.89084,0.773733
-1.50874,0.990574
0.984954,0.101841
0.101231,0.391393
-0.338385,-0.105564
-1.25071,1.98663
1.03032,0.498039
-0.225593,0.150262
-2.1681,-0.20816
0.0637572,-0.267911
1.60906,-0.0257722
0.449837,-1.15719
-0.856861,0.499367
0.48272,1.65905
-0.0940148,-0.624686
0.175635,-1.2277
-0.205969,-0.754854
0.274171,-0.657838
-0.421062,-0.509127
-0.815031,-0.588999
2.01474,1.86272
-0.203645,0.902799
-0.727477,-0.410385
0.285795,2.06811
-1.14583,-0.350355
0.730491,-0.108084
-0.12416,0.840119
-0.841827,2.90673
0.206402,0.36345
1.54212,0.457999
-0.760829,0.0591265
0.712613,0.695976
-0.250721,0.562868
-0.588765,1.0167
2.42387,-2.4309
-0.550217,1.33077
-1.32351,0.401688
-1.27356,0.36328
-0.0865808,-0.380769
-0.137718,-0.346827
0.967674,-1.2207
-1.48477,0.457587
-0.277788,-0.58713
-0.504563,-0.0572018
-0.0812785,-0.183011
0.5335,0.0816513
-0.926586,-1.86159
-0.272757,-0.513212
-2.08081,-0.759055
0.484115,0.853004
-0.720357,0.35466
-0.342373,1.62499
0.658346,-0.842233
1.84341,1.14787
0.361102,-0.419252
-0.917588,-1.20831
-1.94166,-0.261158
0.890797,0.377004
1.5726,-1.40073
-0.121528,-0.675639
-0.0342471,-0.55063
-1.6256,0.821295
-0.661879,0.579034
0.579379,-1.53021
-0.570864,-0.982954
-0.208726,1.79924
-0.205537,1.39366
-0.266939,-0.801734
0.948912,0.539866
-1.19983,0.117501
0.447106,-0.164946
0.80586,1.2255
0.430669,0.979453
-0.218882,-0.917035
0.128608,-0.293021
-0.0376092,-0.107378
0.239092,-1.10286
0.705494,1.75554
-0.270639,-0.438229
0.150261,-0.121428
-1.23581,0.0229036
0.226661,-0.334007
0.49153,1.08452
1.22799,-0.114906
-0.841223,-1.05472
-1.23192,0.680084
0.233598,-0.449156
1.12166,0.775228
0.0823201,0.859476
0.752369,-1.8069
0.866682,-1.65448
0.0872361,-0.137697
-0.375803,0.206195
1.01836,0.0528613
-0.97252,-0.694343
-1.00012,1.04162
-0.567763,-0.711252
1.38441,-1.04104
1.76761,0.73215
1.26902,0.515687
-0.890938,-1.34778
-0.669705,-0.343378
1.54375,-0.354245
0.231865,-0.7736
1.7578,0.873674
-1.43749,-0.471282
-1.99922,-1.61978
-0.800561,1.76518
-0.0242465,-1.08564
0.716019,1.37707
-0.484711,-1.07597
-0.749618,0.392875
0.669143,-1.34012
-0.862984,0.0579858
0.833732,0.497914
2.11872,-0.134515
-0.0759873,-0.8677
0.737681,-0.517959
-0.877648,1.36416
2.96358,-0.446814
0.184849,1.07837
0.216942,0.6282
1.18439,-0.206383
0.399034,-1.37017
-0.379723,-0.1214
-0.832863,1.01284
-1.20948,0.60078
1.67605,-0.519035
1.71052,1.22185
1.75581,0.258932
-0.776838,0.081888
-0.541892,-0.281592
-1.48256,1.14845
0.529136,0.812813
-1.259,-0.233461
0.0248203,0.710746
-2.18586,2.10935
-1.93435,-0.937456
1.12207,1.47491
-0.654574,0.514693
0.394398,-0.239252
0.774209,0.620887
-0.433783,-0.154174
-0.676655,0.538599
1.44136,-0.824856
-0.372927,0.269719
-0.729105,0.660532
-0.990712,-0.613814
1.52574,-0.892485
-1.31701,1.20906
0.0646879,0.395971
-0.522428,0.556482
1.21271,-0.216534
-0.403141,0.885447
1.19123,0.178348
-1.34114,-0.998762
-1.07191,-1.06695
0.654576,-1.11818
1.23315,-0.0891292
-0.337499,0.512863
-0.261523,1.25674
-0.30802,0.369598
1.42965,0.617208
-0.15711,-0.233704
0.0663142,0.0166845
-0.241689,-1.91352
-0.744274,-1.52169
0.539684,1.2423
-0.48364,0.271732
-0.466903,-2.50057
-0.0188705,0.153119
0.593276,-0.332277
1.44751,-1.17789
0.808242,-0.525749
-0.211629,-2.60406
-0.153817,-0.315091
0.677819,-0.192198
0.58936,-1.034
-0.403646,0.68744
0.757986,0.203471
0.613486,-0.0504444
0.123699,-1.21677
0.350122,-0.586674
-0.698616,-1.73468
1.39531,-0.215161
-0.279509,0.481126
0.062348,0.0520658
0.505508,2.0568
-0.5623,-0.650618
0.380756,-0.131658
-0.140354,0.204104
1.33319,0.187484
-0.596405,-1.36608
0.248364,-0.388321
0.116962,-0.462498
0.749034,0.552063
-1.54625,0.733118
0.062706,-0.560538
-1.14985,-0.237426
1.63932,-0.112571
0.63749,1.49997
0.390229,2.26674
1.6988,-1.92609
1.35089,-0.274013
-1.38278,0.0405341
0.952165,0.906656
-1.69465,0.84828
0.0140082,0.880985
0.0250071,-1.3616
1.08011,-1.03502
1.41352,-0.668001
0.631006,0.428443
-0.103191,-1.52607
-0.83792,-0.426821
1.7398,1.51152
-2.06703,0.0208047
-0.793028,-0.928848
0.852387,-2.92
0.905082,0.167854
-0.582294,-0.662662
-1.84411,0.986929
-1.30883,-0.0883673
-0.115401,-0.780553
-0.266626,2.18586
1.48313,0.302679
-0.780791,-0.03014
0.702621,-1.01593
-0.549134,0.381764
0.726767,1.04655
1.39342,0.715801
0.796346,2.29961
-0.563181,0.589182
0.49777,1.86538
0.973792,1.13627
-0.166878,0.710626
0.165422,0.752788
-0.0832359,-1.53502
0.537979,-0.475092
1.91295,-0.124986
1.15497,0.775802
-0.149342,-0.820118
-1.01749,2.49804
0.597608,-0.0987748
-0.795446,1.2712
-0.649572,-0.803695
-0.555244,-2.723
0.949624,-0.586928
-0.386965,-0.310837
-0.348362,-1.04739
1.23909,0.23186
1.20995,0.255816
0.874467,0.135068
-1.22886,-0.681292
0.0943122,-0.233235
-0.109823,1.01663
0.946984,-0.0358644
-0.424971,0.264277
1.13159,-0.343651
0.516108,-1.72021
0.557461,-0.192677
0.957643,-1.29742
-0.0571127,0.874758
0.325384,0.19788
-0.311871,0.0512556
0.744087,0.64952
-0.562545,0.785598
0.0834802,0.949496
-0.800878,0.44147
0.925085,-1.14961
-0.936392,1.42371
-0.238814,-0.907059
-0.150661,-1.92069
-0.580987,-0.557835
-0.865963,1.75586
-1.26521,-1.74268
1.85904,0.777364
-0.0871086,-0.482017
-0.726408,-1.07237
0.424156,-0.21039
0.407387,-0.830718
-0.635166,-1.60398
1.24481,-0.132726
-0.214371,-0.5963
-0.619823,0.5401
0.958292,-1.05526
-1.93685,0.121428
1.19973,-0.852669
1.29744,2.10272
2.50004,1.11851
-0.019524,-0.689135
0.253017,0.871351
-0.134493,-0.940213
-0.720428,-1.12769
-0.684883,0.545771
-1.74887,-1.18487
-0.672099,0.0118355
0.816979,0.309957
1.97647,-2.20864
-0.952117,-0.00930144
-1.04844,1.12531
0.856422,-0.453082
-1.30892,-0.43443
-0.227985,-0.496354
-1.54494,-0.251963
0.764498,2.93976
-0.413907,-0.89111
0.600767,0.0149106
-1.16766,-0.343319
0.151315,1.52067
-1.37162,-2.06376
0.810536,-1.59034
-0.149492,-0.0621083
0.1583,-1.06484
-1.92693,0.953642
-0.0788669,-1.13948
-0.847129,0.294447
-1.24765,1.25604
-2.42825,-0.554203
1.43107,0.197115
-0.0556828,-0.283413
-0.826217,-0.206287
0.868944,0.548308
1.94966,0.791255
1.20234,0.502289
0.37658,0.477362
-1.54955,1.64178
-1.82004,-2.16266
0.553128,2.46479
0.67176,-0.539471
0.310113,-0.248448
-0.586978,0.0932966
-1.95442,0.0827837
-1.90558,-1.21191
0.211248,-0.0787117
0.280979,0.475898
2.76602,1.61614
0.0144616,1.34968
-1.36111,1.77284
0.285412,-0.41585
0.0835261,1.38613
-1.40952,-0.49408
0.443715,0.327224
1.71573,0.324591
1.22645,2.28907
1.37825,-0.777525
0.729214,1.00183
-1.94148,0.364502
-1.75653,2.01763
-0.919059,0.374225
0.349077,0.824815
-1.4494,0.418576
-1.53789,1.115
-0.928526,1.32618
0.0742696,-0.540151
0.351398,-0.0466721
0.912479,-0.689678
-1.48574,0.632828
0.62109,-1.44109
-1.34462,-0.0303943
1.29254,0.1658
-0.570175,0.823071
-0.20111,-0.168241
0.0268624,-0.162296
-0.395615,0.217824
0.634437,-1.23181
0.396797,-1.63751
-0.775074,0.490326
-1.62495,0.0790451
2.42754,0.705543
1.98856,-0.027718
1.02203,0.435116
-0.155414,0.673742
-0.856677,-0.571456
1.17118,0.180079
0.958106,0.0330949
-0.813998,1.86281
-1.12737,-0.679691
0.292386,-1.25766
-0.984746,0.349799
0.465641,-0.876773
0.115822,-1.15939
1.02387,0.884893
0.825319,-1.31568
1.06364,-0.417533
1.42559,-0.878459
-0.523919,1.45932
0.713472,-1.24527
-0.708789,1.66902
-0.413977,0.0491162
-1.18964,0.294899
-0.151946,0.545049
0.365184,0.216495
1.25027,0.937315
1.43802,-0.236644
-0.589324,0.990749
0.607553,0.475415
-0.512332,-0.107605
1.06884,1.71765
-0.466434,0.20238
0.188883,0.442203
0.392558,0.304573
-0.53466,-0.589685
1.20304,-0.39941
0.130291,0.898107
-1.10544,-0.658649
0.302621,-0.456519
-0.521762,-0.587689
0.0136555,-0.970899
-3.71735,0.933207
-0.251542,-1.97675
-0.456472,0.951258
1.43737,0.409045
1.13023,1.53816
0.515717,-1.41059
-1.53207,-0.409015
1.22556,-0.202684
-0.336453,-0.865072
1.51433,0.220443
-0.554195,-1.44467
0.870711,-1.75877
0.34446,1.95991
1.53408,0.951866
0.249358,-1.236
-1.27836,-0.103495
0.86827,1.36821
-1.61859,1.86321
-0.69086,0.0572736
1.93125,-0.228133
0.014364,1.24352
-0.696465,0.172033
1.40161,-0.371325
-0.991961,-0.761234
-1.33582,-0.538534
0.250367,0.448482
0.258088,0.149781
1.84347,2.28756
1.13198,-1.32433
-0.0233602,0.724734
-2.43471,-0.564041
0.574845,-0.384611
-0.0599541,2.29874
-0.528643,1.04613
-0.645712,-0.947979
-0.697225,0.701172
-0.434723,0.456613
0.339108,1.33672
-0.550843,-0.366679
0.757188,0.746014
1.01991,-2.50927
6.72705e-06,-0.761265
-0.457201,-0.154213
-0.348644,1.30348
-0.968578,0.974029
-1.00371,-0.554995
-0.514659,0.463104
1.13615,0.32209
-0.759165,-0.0844514
0.0630611,-0.0809348
-1.89793,0.0314645
1.37499,0.424004
1.09807,0.171542
2.32829,-1.01229
0.558968,-1.50982
-0.837091,-1.50259
1.1783,1.33688
-0.0751596,-1.31601
-1.45631,0.430178
-0.400268,2.57641
-0.842725,-0.143643
0.774024,0.510868
-1.44459,0.987944
0.0213335,0.398751
-0.168551,-0.989286
0.517829,-0.535291
0.0787027,-0.668195
0.092667,-0.0478525
-0.600835,0.117254
-1.08782,0.140362
1.06563,-0.0931232
1.93119,1.07451
1.04838,-0.97237
0.525676,-1.34808
1.41714,-1.19081
-1.76392,0.136266
-1.56927,0.849591
-0.42859,0.517231
1.84834,0.715572
-0.171919,-1.25501
0.625932,0.0827027
0.501265,1.71184
-0.0510252,-0.133469
0.406022,0.418757
0.482944,-0.0401795
0.206751,-0.0424662
1.86106,1.37828
0.411176,-0.579061
-0.259266,1.43667
-0.124868,1.44374
0.0634559,0.265163
1.23742,0.362658
-0.214386,0.700502
0.0294493,1.68509
-0.272914,0.386026
-0.273581,0.0573858
-1.67313,0.360447
-0.779301,0.05118
-0.306453,-0.453906
-0.989072,-0.37075
0.499754,0.498396
2.34657,1.19361
-0.831228,0.764048
-1.4078,-1.33326
-0.912741,-1.95404
-0.143468,1.17958
0.499287,-0.334026
-0.0656792,-0.711753
0.179002,0.794942
-1.37623,0.927885
-1.60566,-0.97372
-0.27643,0.120058
1.97483,0.268008
0.489064,-0.735064
0.646022,0.662045
-0.406066,1.01429
-0.693342,0.421129
1.63238,0.179275
-1.57819,-0.400586
0.195266,-0.143099
-0.419495,-0.426936
-0.792178,1.05148
1.81808,0.231486
-0.112675,0.102454
1.69125,-0.14765
-0.607446,-1.90237
0.842207,0.312706
-0.322756,1.53681
-1.50768,-0.726655
-0.552038,0.490622
0.379175,1.73341
-0.722673,0.814798
-0.36807,-1.04057
-0.96935,0.484341
0.502344,-0.17836
-0.178933,-0.841055
0.972413,0.880057
-0.918676,-1.28949
0.897087,-1.27604
-0.432077,0.0276696
-1.29983,0.398109
-0.80368,-0.896669
-1.39274,-1.09809
-0.619818,-0.876307
2.05548,-1.55491
-0.34701,0.810815
-0.886042,0.0517524
1.32161,-1.30671
-0.943286,1.67002
0.33919,-0.337878
-0.0194752,0.155128
1.45622,-1.54601
-0.259941,-1.08885
-1.04901,0.483234
0.396983,0.623464
-0.930957,-0.32458
-0.0768443,0.967987
-1.30723,2.57324
0.70692,1.01117
-0.718582,0.791696
1.27771,0.231978
-0.769092,0.990367
0.0856587,-0.115356
0.178877,-0.695199
0.781253,1.41555
0.343013,0.952858
0.541682,-0.0179379
-0.672354,0.557211
-1.43019,-1.03024
0.270534,0.703189
-0.199111,1.59557
-1.26873,-0.850478
-1.80546,-0.842914
-0.457104,0.482654
0.895455,0.0407515
-0.0555418,1.78929
-0.0193595,-0.618217
0.17872,1.17342
-0.712096,-0.331779
1.65814,-0.210305
0.740299,-0.819398
1.4203,-0.495593
-0.956898,-1.28244
-0.47281,-0.317634
2.01688,-0.177949
-0.887872,-2.03273
0.604916,-0.997714
-1.58583,-0.55371
0.369379,2.26446
2.08977,-1.68335
0.864832,-0.532617
-0.741961,-0.172784
-0.671113,-1.40506
0.400243,-0.0186828
0.0836463,-1.00892
-0.749208,-0.264919
-0.466122,1.47852
0.756852,-0.0686296
-0.826235,-0.379425
-0.679064,0.260311
-1.15215,0.160515
-0.168231,0.667379
0.268545,-1.01257
0.282274,-1.5021
-0.650926,-0.563211
0.521787,-1.39421
-1.04789,-0.853219
-0.838236,-0.600246
-0.152476,1.66756
-0.381377,-0.422526
0.243648,-0.945674
1.31254,0.446162
0.676637,1.87345
0.847621,-1.05
0.927873,1.86493
-0.26272,-1.63323
0.584008,-0.32107
-0.457842,0.074855
1.024,-0.639551
0.800623,0.894385
-0.479217,1.96952
-0.23589,0.506332
0.433253,1.60981
0.717475,-0.118253
0.0484394,-1.04661
0.38306,-1.14134
-0.885503,1.76083
1.86729,-1.08935
-1.20603,-0.157163
-1.68463,-0.145665
0.61976,-0.767917
0.589095,-0.0634401
1.53033,1.3474
-0.0302873,0.576621
0.761103,-0.880876
2.04331,1.25327
-0.207418,-0.0739304
-0.640605,-2.75365
-0.338936,0.728439
-1.22991,-0.845338
0.375617,-0.169694
-0.304132,-0.935655
-0.0985013,-1.62852
-1.55485,-0.933108
1.66791,-1.28145
1.22751,0.337414
-1.00859,1.10058
0.369134,0.85808
-0.556716,0.50841
-0.337477,-0.233573
0.285581,0.690885
0.827352,-0.171896
-0.447564,-0.0104747
-0.624095,1.16831
1.41276,1.94886
-1.32407,0.0315364
-1.48536,-0.331144
-0.398892,-0.97627
-0.276178,-1.57041
-0.0218479,-1.08793
-0.440484,1.13859
-0.542462,-0.731915
-0.0992682,0.903352
-0.110589,-2.86554
-0.430471,-0.635698
1.13198,1.81103
0.639815,0.466079
0.168392,0.744976
1.47987,0.148409
0.609301,0.376495
0.106468,1.28516
-0.244267,-0.526704
-1.62491,0.381871
0.640632,0.957729
-0.133752,0.374829
0.612327,-0.970964
-0.314353,0.779173
-0.21694,-1.34965
0.559369,0.925023
0.126513,0.644191
-0.87033,0.345806
0.991717,0.756959
0.388816,1.17244
0.733966,-0.431953
-0.439522,0.835109
-0.44642,-1.12787
0.5238,-0.462281
1.84313,0.165272
0.195717,1.27458
1.29252,-0.250729
-0.0802694,-0.360545
0.547567,1.45938
1.34759,0.140499
-0.0216647,1.54228
-0.902155,-0.311966
1.11355,1.22875
-0.494766,-0.625649
1.98947,0.157628
-1.27044,2.02694
-1.47748,-0.66522
1.16222,-1.18282
1.73647,1.23424
-1.09041,0.844775
-0.993429,-0.936734
0.177936,0.267509
0.252066,-1.80804
1.20978,-1.30583
0.115665,1.66045
1.63784,-1.10186
-0.79315,-0.435699
0.360663,-0.652808
0.415563,-0.598721
1.10395,2.99367
-0.0146506,1.19064
-0.52459,0.255593
0.525238,-0.568116
0.949019,1.07532
0.400142,0.172664
1.59238,-0.0328134
0.696698,0.755275
-1.73341,0.087881
0.403444,-0.441761
-1.97308,1.91785
-0.480958,-0.893025
-0.0874374,0.891757
-0.500518,0.549081
-0.262579,0.277674
-0.91219,-0.666594
-0.130985,-0.222396
1.28507,0.0186078
0.782039,-2.07705
1.14256,0.285035
0.875683,-0.452647
1.13658,-0.531894
-0.529545,-0.0541148
-0.696319,-0.126675
0.58545,1.46389
0.10241,-0.578134
-0.459169,-0.817553
1.25031,2.36722
1.19025,-0.278371
0.617761,-0.0688432
1.65266,1.24205
0.747141,-1.46774
0.52654,-1.92668
1.81898,-0.694301
0.496353,-1.86496
0.531516,0.398029
-0.29284,-0.858417
-0.744993,0.576717
-0.487119,-1.30586
-0.73723,0.569163
-0.884014,0.139005
-0.0523033,-0.605393
-0.229413,-0.492786
0.142363,1.30161
-0.232481,-1.72266
0.450184,1.44833
-0.962544,-0.363015
1.25369,1.09069
-1.18075,1.21106
-0.309608,-0.905971
0.499445,0.0448923
1.02055,0.289627
1.09618,-1.03037
-1.47315,1.62478
0.285203,2.34076
1.01956,-0.537488
0.0336944,-1.26535
0.291966,0.192644
-0.0828338,0.130621
-0.820085,0.745294
1.35391,-0.287851
1.15597,1.13299
0.372363,0.356122
1.54915,-1.53251
0.358664,0.492456
-0.594158,-0.759007
-0.408126,-0.145769
0.593201,0.945951
-0.805721,1.48213
-1.56023,1.66596
-0.620389,1.37874
1.19711,0.853069
-1.31071,0.75723
0.818817,-0.0517259
-0.416494,0.956788
0.453377,-0.18291
1.39114,0.833568
-1.26533,0.477983
0.732284,-0.125454
1.40841,-2.26545
0.0809278,-0.115386
0.38814,0.894227
0.0291792,-0.579208
1.04647,0.61836
-0.102079,-0.028634
1.75236,0.344911
-0.144267,1.18332
-0.0871145,-0.389939
-1.05355,0.841615
-2.03311,0.743744
0.192167,1.36012
-0.372337,-3.43822
-1.95153,-0.974685
1.66792,-1.07928
-2.1047,0.29465
0.0700505,-0.758868
0.730197,1.61682
-0.0735484,-0.105383
0.394698,0.345542
-2.50086,1.29417
0.528967,2.18057
1.09901,-1.98339
-2.60377,0.897402
1.29349,0.00501648
1.17639,1.50276
-2.24847,0.151253
-0.663614,0.224571
0.0799742,1.34351
-0.114757,-0.853138
1.61428,1.32441
0.479674,0.363277
0.69434,-1.07394
0.236429,-0.0394717
-0.731702,1.2087
-0.336433,1.82265
-0.908616,0.145582
0.726778,0.929635
-0.435649,0.0964978
2.09267,0.493728
-1.62696,-0.38841
0.0273738,-0.7231
1.02054,-0.837349
-0.202516,0.82558
0.495593,-0.630632
-1.28044,1.3784
-0.0728359,2.37702
-0.796174,0.79084
-0.359913,0.345486
-0.288735,0.579598
1.41946,-0.868993
-0.500146,-0.6648
-1.5569,0.480881
0.413136,-0.713223
0.778047,1.17784
0.296444,0.56682
2.27423,0.913844
-0.675687,-0.523757
-1.63408,-0.264334
0.206505,-0.234047
2.47325,2.06007
0.336527,0.677513
1.071,0.624343
-0.0873284,1.56392
-0.0500033,-0.457742
-1.42465,0.337485
-1.2963,-0.475518
0.516637,-0.705653
0.875525,0.239775
0.862106,-0.225314
-0.529098,-0.505449
-1.3835,-0.448485
-0.572662,1.28665
-1.15975,0.0259385
1.14207,-0.429994
-1.15214,-0.0175934
-0.395218,0.123569
-0.242881,1.07771
0.554692,0.268804
0.816082,0.345339
-0.196951,-0.609806
-0.0805243,1.34668
0.290231,0.894899
0.60342,1.36838
-0.19893,0.917895
1.22471,-0.47298
-1.55887,-0.994403
0.299393,0.847751
0.90183,0.659766
-0.0118717,-0.894041
-1.7856,-0.793584
0.358289,-0.622217
-0.48221,0.965587
-1.15776,-1.11087
-0.588286,0.14329
-0.568032,-0.659411
0.522629,-0.0863841
-1.85791,-0.459287
0.631521,0.425308
1.57367,0.654621
-0.746243,0.0943232
0.610115,1.08768
-0.11059,-0.0808179
-1.27894,1.13556
-1.10631,0.810533
-0.642576,0.937715
0.734778,0.997666
-0.223192,-0.527502
0.483239,-0.896404
-1.75488,-1.86009
0.61142,0.747429
-1.12253,0.611923
-1.0949,0.925991
1.26855,0.136455
-0.0861659,-1.32125
-0.13992,0.850302
-0.968369,0.443762
0.299822,-0.0418448
0.883899,1.3228
-0.539411,0.03922
0.038707,-2.58543
1.47173,-0.80637
-1.61001,-0.134348
-1.58084,0.133354
-0.0178404,-0.368428
0.223608,0.128726
2.32535,1.70234
-0.407206,-1.10523
-0.890603,0.248966
0.964253,-0.146283
-1.03599,-1.11436
-0.106786,-1.37701
-0.582896,0.3952
0.191971,1.67217
-1.53862,1.45238
-0.0345452,0.541701
-0.622071,-0.127439
-1.39124,0.684566
0.964828,0.873466
1.11518,0.815865
-1.24926,2.38897
0.0840298,0.158641
1.02212,-1.26168
0.105557,-1.13685
0.00331849,1.15134
0.987273,1.60306
-0.0875281,0.47438
1.85412,-0.194704
-0.480087,-0.491966
-2.01115,0.0119474
-0.436069,0.57116
-1.15756,0.352126
1.78233,-0.793745
0.282196,-2.20487
0.98079,0.370871
0.86448,-0.209761
-0.819072,-0.448765
-2.15849,-0.638827
-1.99404,-0.625792
1.4687,-0.143961
0.436449,0.456718
-2.1153,-0.409515
0.740273,-0.788988
0.358826,-0.139606
-1.19844,0.206703
-0.0468524,1.22357
-1.83294,-0.464515
-0.285801,1.03739
0.123151,-0.520426
1.65151,0.187087
1.27747,-1.54847
-0.546984,-0.350785
-1.25874,-0.58244
-0.499564,0.396433
-1.70117,0.329959
-1.89968,0.288761
-0.223123,-0.0152878
2.04429,-0.435141
-1.02588,0.481589
0.939283,0.0870244
-0.161335,-0.59857
1.16364,0.504778
-1.75688,0.106382
1.04712,-0.0706673
-0.242899,1.59916
1.03711,0.753805
-1.12512,0.219212
-0.49695,0.571783
-0.11597,-0.182586
-0.323319,0.0270912
1.18846,-1.75215
1.15468,-0.857635
1.37018,0.134305
0.207858,-0.609323
-1.34972,1.37425
-0.0722652,0.365383
0.290363,1.64526
1.33781,0.979099
-0.246559,-0.409464
-2.27378,-1.05197
-1.48799,-0.207282
-2.25731,-0.856626
1.22479,0.391415
0.510943,-0.304656
0.342993,0.488563
0.152537,-0.228802
0.864102,-0.220906
-1.47761,-0.224421
-0.0217477,0.491872
-2.41483,2.0724
-0.0551516,-0.708027
0.188851,0.0739102
-0.473496,-1.6016
-0.255515,-0.259091
0.0977822,1.02941
0.122317,-0.111388
1.2728,0.0988239
-2.42132,1.10008
0.910524,0.903301
-0.670791,-0.619359
0.551738,-0.892229
1.3223,3.08684
0.914016,-1.28595
-0.324028,0.69334
0.0568848,0.810392
0.829762,0.326897
1.22977,-0.102321
-2.09969,-0.890845
-1.52588,-0.706165
-0.647353,-1.01582
1.08021,0.017162
-0.430412,-0.697201
-0.871459,0.983776
-1.55356,-0.235629
-1.66987,-1.32472
-1.01164,-0.0767643
0.508741,-0.825237
0.501928,-0.333392
1.14753,-0.170186
-0.362698,0.435061
-0.0565856,-0.27685
-1.37101,1.73542
0.07897,0.904053
1.05532,0.819022
-2.21738,1.17546
-0.211834,-1.03837
1.18879,0.245261
-1.25857,0.594671
0.0112902,0.723533
-1.18525,-1.04991
-0.846299,-1.74734
-0.765014,1.70551
-0.982018,-1.01437
-1.33984,-0.305523
0.0297783,0.695607
-0.68602,0.0402439
0.300509,-0.308055
0.0575572,0.700207
3.21092,-0.429947
-0.987509,-0.584207
1.57378,0.650382
-0.217994,-0.693018
0.956377,-0.350967
0.544863,-0.781454
-0.181507,-0.76581
0.175213,-0.757949
0.683052,0.315397
-1.16022,-2.28965
-0.213457,-0.181185
-1.12513,-1.09188
-0.0278127,1.27361
0.39943,0.7166
1.24836,0.0557299
0.403531,1.25614
-0.392103,-0.984918
0.0280039,-0.773058
0.35114,0.208672
1.20043,0.533596
-0.678977,1.01185
-0.361615,1.21196
0.661845,1.40177
2.74439,-0.658401
1.86438,-1.12714
0.97357,0.217421
0.559834,1.61068
0.604712,-1.53361
-1.62606,2.25192
-2.10822,0.356243
0.20934,-1.08672
-1.13071,3.1737
-1.08017,-1.15492
-0.424207,-0.864774
-0.52518,0.446193
-1.28685,0.802354
1.17577,-0.128777
0.392955,0.184835
0.847344,-1.17899
1.14746,-0.485439
-2.10328,0.161507
-0.420261,-0.780506
-0.375716,-0.538873
-0.871599,0.923372
0.296227,1.82311
-0.204264,1.65237
-1.58136,0.571204
-0.422257,1.36525
0.782678,-2.02049
-0.610137,-1.19893
-0.0257934,-0.316838
-0.511543,1.24873
-1.26859,-0.241707
-1.50014,-1.86234
-2.71161,1.2472
-1.1467,0.00218679
-0.61849,-1.09295
-0.225572,-1.304
0.531264,-1.2174
0.125418,0.521503
0.807727,-1.16165
-0.185977,-0.103105
-0.708414,0.560159
-1.48303,-1.07874
-1.24128,0.872623
2.14619,0.734469
-0.11011,-2.11148
0.928174,1.9529
0.543151,-0.431259
0.980866,-1.07113
-0.863078,0.879482
0.180104,0.652887
0.824961,-0.0447018
0.094953,-0.0122692
-0.0156618,-1.57312
1.14544,1.34447
-0.807802,0.834868
2.94746,1.16876
-0.0844987,1.17366
1.72847,0.469578
1.72264,-1.47572
0.186709,-0.906537
1.66667,0.709786
0.895887,-0.855164
-0.826706,-0.871965
-0.894959,-1.02231
0.0282855,0.627671
0.527547,0.499856
-0.201566,0.136796
1.40648,0.112924
0.285163,-0.46915
-1.60531,-1.86837
0.136358,0.366199
-0.810922,-0.417736
-0.642253,0.511565
0.141023,-0.647095
1.00932,1.07179
0.54802,-1.59286
0.839848,-0.521087
1.44855,-0.0723936
1.20588,0.0370563
-2.93383e-05,1.22503
0.246422,0.143972
-1.15924,0.255605
0.0533813,-0.188322
-1.05068,-0.709261
-0.0270655,-0.260886
-2.10945,0.968669
0.728928,-0.266618
-0.394495,-0.779119
-1.16133,-0.511244
-0.608737,0.0398389
0.679102,-1.43175
-0.300454,-0.288033
-1.17211,-1.34603
0.226597,0.823579
-1.14829,-0.00691324
1.25146,-0.141389
1.9049,0.926665
0.277974,-0.98026
0.265116,-0.231476
-0.862115,1.1167
-1.43286,0.0598519
-2.3677,-0.294444
-0.78122,0.331079
0.793189,-1.86848
-0.495927,0.340488
0.868903,1.73181
0.648696,-0.300508
-0.106306,1.55485
-0.78449,-1.33934
0.624254,-0.903704
-0.14007,0.42506
-0.509709,-0.580639
-1.63007,-0.623189
-1.66689,-0.147142
0.475041,-1.47335
0.473612,-2.71007
-0.88248,0.511154
0.279667,-0.801989
0.626907,-1.40807
-1.03582,-0.166951
0.985058,-0.323882
1.97234,1.14248
-0.824205,-0.360033
-0.987555,0.927223
0.767115,-0.819142
-1.5484,-2.35442
-0.466675,1.20087
0.108059,0.890354
-0.146165,-0.236251
1.81635,-0.844828
2.74574,-0.266908
1.28284,0.558707
-0.512676,0.7949
0.819638,-0.411469
-0.43546,0.164529
1.33328,-0.242029
0.323788,-0.415211
-0.41054,0.82521
0.2336,0.278013
-0.664531,1.12375
-0.503373,0.264699
-0.0242471,1.33737
-0.14899,0.760058
1.59403,0.0147573
-1.46278,-0.388535
-1.25907,0.489144
1.18883,1.00319
-0.781334,-3.47612
-1.05214,0.0164132
-1.0447,1.41009
1.32233,1.0635
0.972828,-1.43082
-0.791783,-2.1584
-0.272367,1.18789
-0.736492,-0.540785
-0.0706194,-0.228459
0.94586,-0.0836752
1.43431,-0.998772
0.083406,0.860031
1.23004,1.42017
0.0942688,-1.93483
0.113976,1.34654
1.02443,0.259651
1.07484,1.53252
-1.13859,0.748554
0.889163,-0.0242292
0.0896875,-1.4431
-0.523651,1.16285
0.175381,-0.496383
-0.611548,0.396488
-0.49937,0.0725396
-0.31,-0.82136
0.762815,-0.745739
-0.900938,0.38166
-0.870211,-1.25432
-0.63051,1.3328
0.348426,0.450051
-1.45931,-0.141856
-0.218605,0.138604
-1.75591,-0.025909
1.5401,0.974357
-0.339811,0.376318
-1.38358,0.56324
1.48233,0.987095
0.326133,-1.61691
0.242887,0.590679
-2.52228,-0.725813
-1.71531,-0.960508
1.36641,0.169306
-0.247627,0.775018
0.369613,2.22405
-0.770455,-0.355716
-0.756901,1.0522
1.56349,0.218952
1.10958,-0.201157
-0.85028,0.622098
-0.444887,-1.58142
0.901803,-0.61821
-1.87343,0.0137672
-0.783377,-0.0646686
-0.755597,0.499075
0.255279,1.4082
1.61002,3.00159
-0.318282,-0.248799
0.33755,-0.135383
-0.720116,-0.644981
0.258304,1.97339
1.57025,-1.37459
1.74514,1.48742
-0.830891,0.768576
0.871648,-1.66086
-0.349048,0.932753
-0.0404644,1.56386
-0.645689,0.286775
0.4866,0.951438
-0.642919,-0.471464
-0.0518228,-2.28912
0.481012,-0.218886
-0.21949,2.21182
2.03996,0.858967
1.93715,1.13886
-0.40621,0.0415793
0.0451929,1.93152
-0.273189,0.689595
-0.368925,0.688418
-0.594072,0.716208
0.591046,1.07748
-0.208662,-0.828533
-0.895119,-0.234447
1.52615,1.04079
-2.35978,-0.265703
1.15557,-1.36172
-0.701185,-1.87434
0.468567,0.736118
-0.381183,-0.381383
1.24696,0.0999153
0.865415,-0.0389848
0.520165,0.325653
-0.27251,0.586414
0.449232,-0.32454
1.10683,1.74546
-0.147234,-0.238909
-2.5259,0.643324
-0.873191,-0.723515
-0.675107,-0.616289
0.0933389,-0.118911
-0.350123,1.14956
0.592854,-0.680729
2.03222,-0.135027
1.66905,-1.56993
-0.233475,-0.304319
-0.238849,-0.290866
0.447379,0.379756
0.547025,2.42079
0.943471,-1.65216
0.794521,0.710134
0.0681432,-0.222518
-0.417009,0.329013
-0.30527,-2.11144
0.299163,-0.733325
0.169494,-0.174965
0.0211465,-0.212575
2.49907,-0.446126
0.306926,1.16735
0.196733,-0.211427
-0.973078,0.834923
-0.965702,0.213071
0.74404,0.560891
0.0579357,-0.377121
-0.711375,-0.988713
0.188875,-0.240485
1.43878,0.69165
0.428888,2.13787
1.38035,-0.684882
0.860582,-0.298294
-1.47805,1.68958
0.566362,0.372748
1.29899,0.867625
-0.612462,-0.394678
2.08736,-0.184576
0.846969,-0.654849
-0.147799,-1.74652
-1.51656,-0.0959015
-0.359835,-0.280711
0.731563,-1.48191
-1.47658,1.03914
-2.15983,-1.025
0.86411,-1.99901
-2.00637,0.999489
0.681248,0.983213
-1.80837,-1.11515
-0.230869,1.82172
0.407484,-1.8788
-0.374972,0.503767
-0.998687,0.608892
0.380871,-0.735101
2.31622,2.20785
-0.600942,-0.632301
-0.803074,0.782158
-0.564127,0.26735
0.521802,-2.15411
0.15867,1.08554
0.467715,-0.785143
-0.757697,0.180084
-0.607192,1.31309
1.34284,0.712092
0.538349,2.49524
0.598833,0.848406
-0.00903668,0.462149
-0.781695,-0.016549
1.45115,0.691571
-0.0622582,0.493118
-2.11542,1.12398
-0.214773,0.133888
1.90081,-0.521659
-0.235019,1.41324
-0.217769,-0.244767
-1.75696,-0.508239
1.33733,0.92935
0.238683,0.0396377
-0.609616,1.51821
-1.49586,-0.537594
-2.72028,2.51677
0.743476,0.15655
-0.323356,0.0225153
0.161662,0.115
-1.3783,1.76879
-1.32968,0.336606
-0.47038,1.77129
-1.11279,-1.2116
-0.733251,-0.936015
-0.960816,0.401546
2.61943,1.2615
0.765113,-0.0497446
0.385439,0.0187712
0.703246,-0.201452
-0.13575,-0.751586
0.386212,0.52882
-1.2966,0.59376
0.293627,0.0715187
-0.616669,0.456833
0.793289,0.00735456
0.62192,0.767513
-0.729552,-0.51198
-1.16027,-0.303116
-2.03105,-0.371934
1.34219,-1.17427
-1.54592,-1.1715
0.647043,0.0791643
-0.713353,0.1796
-0.451188,0.572779
-1.65886,0.945434
-0.114943,-0.355811
-0.00856168,0.890219
0.932009,0.49281
0.828805,-1.47018
1.24378,0.25724
-0.699762,0.0349366
1.31401,-0.21756
1.30479,0.848509
-0.760151,0.422041
-0.867,0.619742
-0.686933,-0.0462576
1.00292,1.73024
-0.793722,-0.392548
0.889333,-0.0861408
-0.20813,1.95597
0.0833275,-0.315238
1.10154,0.333211
1.68164,1.39173
-0.214084,1.38562
-0.941885,0.414626
1.02876,0.631915
1.34552,-1.28505
-0.38649,1.67016
0.955719,-1.62363
-1.29305,0.195616
0.709649,-0.463308
0.326267,-0.235254
-0.402608,-1.49784
-2.30365,0.762361
-0.744698,-1.03056
1.13271,-1.2352
0.373169,1.97847
-0.98177,-0.04409
-0.182046,-0.40706
-1.30259,-0.856813
-0.607882,-0.176281
-1.38889,0.920185
1.03637,-0.796082
0.489656,2.63252
-1.29069,-0.455205
-1.43617,-0.894506
0.466037,-1.2202
0.0493274,0.514608
1.18426,-2.0177
0.152994,-0.712529
1.55547,-1.76066
-0.36814,0.410219
0.553266,-0.326899
0.358235,-0.102398
0.789191,0.184696
0.883305,-0.00134236
1.0576,-0.0859592
0.426399,1.37852
-1.28812,0.0204913
1.52059,-0.347969
1.52093,0.185022
0.255818,0.300179
-0.597887,0.826531
0.0486462,0.0424644
0.725402,-1.57896
1.12674,0.599507
0.229893,0.399683
-0.0625112,-0.37696
0.575233,1.02729
0.298331,-0.451427
0.250296,1.70243
0.274505,-0.393209
-0.509752,0.330504
-0.668196,-0.326721
0.660712,-0.176341
-0.943814,0.0367073
-0.251714,0.225108
-0.617798,-1.67298
1.18451,1.01057
-0.715994,1.03034
0.468409,0.446538
-0.00451621,-0.319563
-0.949055,-1.16027
-1.02708,0.666744
-1.12593,0.395858
-0.166878,-0.0733725
-0.75374,-0.969688
1.25343,-0.345713
0.385993,0.813407
-0.764699,0.107221
-1.52449,-0.520641
-0.408473,0.12607
-0.26102,0.469249
-1.24869,-0.526015
1.02403,0.767599
-2.231,2.35372
-0.836322,-0.331415
1.17539,-0.196828
-0.508181,-1.05697
0.540774,-1.18766
-0.316116,0.734029
-0.475832,1.94156
0.430546,1.28792
-0.198893,-0.344343
-0.251335,1.72993
-1.88753,-0.45288
0.0363769,-0.815676
0.888579,-0.748269
-0.380853,-1.25134
0.519852,-0.364212
-0.304527,-0.228555
0.314552,-0.152731
0.27551,-0.865227
0.476792,-0.221373
-0.423873,0.188905
0.99773,0.700432
-1.65787,-0.300923
0.403157,-0.443448
-0.758178,-1.41858
-0.159668,-0.0908602
0.841415,-2.27336
0.641081,-0.873432
-0.982288,-0.675726
0.68456,1.0516
0.113559,0.258459
-2.0387,0.111167
-0.149546,1.44238
-0.135279,1.12277
-2.17846,-0.355297
-0.905818,-1.98029
-0.106007,-0.669779
0.477474,-1.55493
-0.562248,-0.97879
-0.0837286,0.25057
1.30496,0.391805
-1.42979,-0.668718
-0.235316,-0.441583
1.08301,-0.31239
-0.530411,-1.40947
-0.929895,0.728204
-1.32388,-0.307739
1.05296,-0.319932
1.0448,1.34706
-1.18141,1.3657
-0.323836,-0.25276
-1.1555,-0.870842
0.943306,0.269633
-0.427917,-1.02277
0.278025,0.0548277
0.0129503,0.103173
0.00704029,0.453162
1.29961,0.276388
-0.751052,0.927559
0.735697,-0.913168
0.283417,0.0863357
-0.463658,-2.08793
1.87162,2.30201
-0.478477,0.045143
0.00200318,0.869958
1.02601,-0.489468
2.88771,-1.96349
0.807461,0.964983
-0.922593,0.813202
-1.05589,0.553863
-2.20414,-0.484733
-0.282149,0.299916
-1.17468,-0.560643
0.108843,-0.88661
-0.464823,-0.0798186
-0.411183,1.95945
0.425058,-0.551866
-0.469421,1.11475
0.131079,1.05818
-0.177889,-0.944117
-0.236434,2.27744
0.0842401,-0.597679
-0.655007,0.39044
0.854572,2.33087
0.667285,-1.09126
-0.763554,0.95349
0.653935,1.00516
-0.365499,-0.0912631
-1.89294,0.433374
1.16359,1.04491
-2.2158,-0.217198
0.250224,1.91857
-1.41433,0.346673
-1.00347,-1.11897
0.230707,0.751035
0.352681,-1.24284
1.83532,-1.34346
-0.145562,0.300018
0.466441,-0.981342
0.843524,-0.897266
-0.0906975,-0.353021
1.45791,-2.03389
-0.965423,0.0976104
0.701447,-0.843797
0.823258,0.762095
0.767695,-0.967119
-0.700507,1.11844
-2.39857,-0.335824
0.0719272,0.713639
0.116259,-0.884439
-0.00584633,1.96512
0.262508,0.126209
1.5224,0.266645
-0.38339,1.10946
-1.29484,-1.21511
0.619719,1.15522
0.149238,-1.01555
1.20591,0.292553
0.189749,0.193471
0.433072,-0.442693
-0.923593,0.747645
-1.11937,1.01125
0.213128,1.43836
0.511662,0.741081
-0.67581,1.01252
-1.09848,-0.550005
0.575257,-1.20838
-0.642553,2.47245
-0.727831,-0.072231
1.26661,0.305013
-0.662394,-0.906213
-0.981195,1.5777
0.862626,-2.3078
-1.27645,2.20055
0.0456977,-1.42728
0.550878,-0.814616
-0.825026,-2.01143
0.469003,-0.180143
-0.739294,-0.19065
1.8774,-0.315334
-1.79125,-0.0210258
0.168384,-0.0128255
-0.311364,0.0220447
0.0137907,0.0521181
-0.292502,1.06578
-0.630361,-1.44285
1.45639,-0.18616
-1.36139,0.505077
-0.447771,1.05319
1.38119,0.17866
-1.32577,-2.12889
2.43655,-0.731756
-0.770044,-0.474218
1.61142,-0.969319
1.47687,-0.299563
0.341045,-0.940754
-0.295714,0.0358377
-0.449183,-0.193407
-0.923726,-0.243157
-0.482258,-0.645576
1.84665,-0.929624
0.987221,-1.19308
-1.08705,-0.623847
-0.185144,-0.559056
0.844125,1.45573
-0.353861,0.608314
0.47978,2.16765
-1.80132,-0.633939
-0.516234,-2.33532
-1.51638,0.534867
0.485132,-1.00981
0.0828373,-1.39482
-1.23256,0.406348
0.383788,0.281078
-0.250158,0.0154643
-0.123685,-0.46986
0.392535,-0.538023
0.937362,0.026452
0.072916,1.25094
0.984558,-0.0646779
0.42222,-0.371333
-0.192019,1.14106
1.96236,0.399595
0.468929,0.828285
1.46599,0.81635
-0.403382,-0.906756
0.225609,-0.0244831
0.0807093,1.77511
-0.789545,1.3981
-0.394183,1.6059
1.26329,-0.359029
1.23051,-0.631855
-0.466717,1.32694
-0.8195,-1.19497
1.24153,1.04911
-0.103144,-0.616811
-0.736112,1.14363
-0.554316,-0.168092
-0.245863,-0.490545
0.242458,-1.65796
0.32433,-0.72582
1.53983,-1.53255
-1.11631,1.09373
0.834564,0.71353
1.27697,-0.124788
-1.03933,-0.460314
0.0344866,-1.24733
-0.68184,1.29769
-1.16649,0.495366
1.89078,-0.0740408
-0.481965,-0.192782
-1.63761,0.0842764
1.97241,1.20985
0.47413,0.0958212
-0.431833,2.1537
0.0166613,0.713564
-0.0858442,-1.47356
0.687897,-0.161842
-0.491546,0.620477
-0.769133,1.05565
-1.56484,-0.152564
-0.795472,0.32427
-0.784099,0.332437
0.0245145,1.39202
0.466858,-0.18743
0.748502,1.64297
1.3086,-1.77216
1.1401,-0.699581
-0.424911,0.829306
-0.748674,0.0256844
-1.87277,0.520694
0.941531,-1.38315
-1.88703,1.05796
0.595967,0.690293
0.432229,0.917029
0.3047,-0.301035
-1.09746,-1.11291
1.50079,-1.19877
-0.457796,-0.915739
0.786045,-0.286932
0.278379,-1.7706
-0.0579635,0.407456
-0.559501,1.29704
2.11235,0.129231
-0.334661,1.29776
0.540348,0.363186
0.129913,-0.583159
-0.978353,0.860586
0.283689,-0.673834
-1.00142,-0.810647
-1.18529,-1.10068
-0.0131223,-1.28252
-0.358817,1.07691
-1.05201,1.63742
0.93015,-0.514232
2.00201,-0.423089
0.393132,0.202207
0.13826,0.970071
-1.23737,1.17215
-1.03454,-0.203063
-0.0755573,1.3548
-0.138378,-0.584614
0.528564,-2.29341
0.155752,-0.88051
0.665214,0.288455
-1.02404,0.788252
1.39956,-0.908172
0.921128,0.650255
0.156237,-0.978857
-0.674944,-3.07156
-0.922703,1.10272
1.68077,0.485649
1.11617,0.716927
-1.34926,0.0845382
-0.748199,-1.0604
-1.55407,-0.121239
0.0923389,0.285148
0.548583,0.136172
-1.03343,0.607124
-0.477602,-1.40251
-0.275826,0.37598
0.20362,0.305763
-0.568347,0.0998326
0.843577,0.478027
-1.53426,2.22345
-2.30144,0.018699
-0.481802,0.470526
1.43567,0.465756
-0.893441,-1.44865
-0.250352,0.313026
-0.651467,-1.57658
0.0927031,1.42033
-0.675541,1.06006
0.212997,0.526259
-0.631629,-1.31362
-0.497045,-1.45926
0.152273,0.00767702
2.02724,-0.72852
0.739045,-1.01324
-0.562929,-0.0539716
0.119135,0.473735
-0.904758,0.171044
-1.8436,1.76469
1.06773,0.71512
-1.38814,-1.9507
0.803462,-1.7137
0.976118,0.445376
1.33593,0.539797
-0.554853,-0.701678
1.06105,0.431287
-1.39407,1.04287
-1.0402,-1.13277
-1.59112,0.160255
-0.237743,-0.319357
-0.390731,0.702858
-0.0235687,0.326408
-0.0206732,-0.308217
0.629494,1.68655
0.281488,-1.40651
-0.793006,0.173814
1.70643,-1.80252
-0.213319,0.89487
-1.00105,0.47941
0.0123128,0.886553
-0.450674,1.05385
0.226374,-0.653862
0.813947,0.66012
-0.0661407,0.090815
-0.246452,-0.013353
-0.722173,1.41882
0.854894,-0.0958971
1.67104,-0.961556
-1.06393,-1.13503
0.495576,0.842499
0.353408,-1.67761
0.287683,2.43206
0.116001,0.131126
-0.38224,2.4744
-1.64512,0.88033
-0.469856,-0.306252
1.31197,-0.45546
-0.0631164,2.46815
-1.62463,-0.194976
1.33178,-0.10103
-0.048154,-0.189459
-0.128744,1.49817
-0.571823,0.435243
1.08297,1.544
-1.70162,1.0546
1.48513,0.703533
0.188101,1.71607
-1.46482,-0.975079
-0.495973,0.195949
0.129549,0.254882
-1.17063,0.559755
-0.133814,1.77661
-0.950153,-0.193721
0.618849,-0.0841952
0.432166,0.198713
0.551393,0.710145
-0.105103,-1.2039
-0.0748432,0.299594
-1.17273,0.14768
0.462913,-0.237884
-0.351864,-0.171499
0.119509,-0.481395
-0.200291,2.05902
-1.08532,2.11166
0.192025,1.37502
-0.404717,-1.22546
0.812579,0.671665
-0.376547,-0.581805
0.951795,2.65173
-1.04923,0.0962001
-0.0653419,1.47013
-1.40324,-0.689577
1.35023,-1.32063
0.606993,-0.720772
1.36819,-0.0612966
-0.0332291,1.04404
0.503304,0.24571
0.584185,-1.24827
-1.14657,-0.134736
0.776455,-0.479217
0.738599,-0.144126
-0.331716,0.091825
0.0873352,1.497
0.910699,-0.847994
-0.636499,-0.451838
-1.33137,1.20514
-0.719758,0.23623
-0.962399,0.888137
-0.209147,-0.633384
-0.804496,-0.868981
-0.132642,0.693225
-0.276736,-0.845849
-1.21442,1.18731
-1.55753,1.9793
1.48753,1.86368
-0.520124,-0.242548
0.0769209,-1.83118
0.101819,0.204297
0.236109,-1.00743
0.108228,-0.378529
-1.24465,1.79168
-0.991887,0.0817648
-1.52818,-0.615074
-0.442186,0.12165
0.29575,0.573459
0.543849,0.922183
0.727539,1.05477
0.239318,0.709922
0.728985,0.344606
1.22315,0.56914
-0.914929,-0.486452
-0.0504415,-0.0703364
-1.27259,1.03743
-0.787866,-0.905755
-0.701363,0.942464
0.0520009,-0.0560526
0.284473,0.457217
-3.35748,-0.451411
-0.930359,-0.550982
-0.0251077,1.60308
0.940163,-0.172845
0.201221,-1.25291
0.462553,1.58647
-0.511424,-0.108891
-0.627875,0.0501407
-1.38132,0.784959
0.457444,2.44103
1.4893,1.48511
0.819684,0.224727
-0.449075,0.407324
0.213557,-1.25374
-0.110544,0.246958
-1.92683,-0.97234
0.142767,1.14464
-1.10765,-0.200103
-1.37359,1.03921
-0.358097,-0.123035
0.321921,-1.8546
-0.322359,0.357404
0.849464,1.33602
1.69159,1.3247
-0.382748,-2.51901
-1.12829,-0.183491
-0.600548,0.582639
-0.417411,0.75759
0.0377748,0.455714
0.0341858,0.313354
-0.809535,0.651905
2.23538,0.786063
-0.0784614,1.68687
-0.485637,-1.21957
-1.81428,-1.03966
-0.600936,-0.880142
-1.71371,-1.46427
0.137223,1.30879
0.815481,1.67266
-0.185238,0.0515513
-0.373472,-1.53895
-1.16987,0.416125
-0.536501,0.734291
0.731886,0.0710566
-0.956645,0.676745
-0.659798,-0.822382
-1.87057,0.171806
0.679705,-0.619715
-0.124029,-1.12311
-0.0372783,2.44296
0.748746,-2.05088
-1.21598,0.281811
0.805437,-0.282628
0.308189,-1.03538
0.365492,0.414256
-0.97644,-0.142691
-0.666508,2.02018
-0.50993,1.14804
0.532889,-1.39598
0.102731,-0.707529
0.288151,1.88745
-0.681876,-2.40147
-1.76362,-0.330913
-0.0793963,0.190435
-0.654453,-0.676387
-0.151646,0.257992
-0.116752,-0.464109
-1.21107,-0.119734
1.71587,0.180517
0.817001,-0.330452
-0.636001,0.143583
-1.17222,2.2797
0.319081,-0.726603
-0.267564,-1.15266
0.888009,-0.342205
0.573513,0.176978
0.477444,0.154244
-1.43796,0.221246
-1.14449,0.14289
-0.469971,1.02576
0.80379,2.12636
0.0969011,-1.39068
-0.0802483,1.44451
0.387444,-0.144879
-0.234994,-0.515709
-0.118923,-0.955505
0.0546634,-1.37361
0.164326,-0.0329169
-0.259226,0.758722
-1.09508,-0.171877
0.0602586,-0.0354461
0.201244,-0.0453608
-0.0486015,-0.745964
-1.25282,-0.884321
0.121504,-0.39912
-0.547059,-1.15203
-0.412698,0.984579
0.263108,-1.39885
-0.9381,0.229778
0.770088,0.650297
-0.833622,0.00241065
-1.0811,-0.00638959
-0.292316,-1.03197
1.45005,0.725055
0.574473,-0.428425
0.67693,0.739402
0.654408,0.124278
-0.803201,-1.59943
-0.578928,1.09517
-1.78339,-0.323429
-0.16309,0.953651
1.93378,-0.945754
0.821173,-0.851618
0.0653136,0.412303
-0.853012,-0.182277
1.08409,-1.09744
-0.0499841,-2.38414
-0.403963,-0.589547
-0.450765,-1.45929
0.707131,-0.593038
-0.261019,0.435669
0.673987,0.277813
0.579679,0.900499
0.165546,0.148139
-0.58633,1.21863
0.418208,0.444305
0.311981,0.149158
0.94109,0.221184
1.38341,2.57377
1.2108,1.0573
0.254936,-0.258433
-0.677939,-0.417613
0.0601571,-0.266736
0.587143,0.552703
-2.19886,-0.675522
0.215911,-0.783502
0.123349,1.32466
-2.27788,1.18699
1.05568,0.896341
-0.123435,0.492036
1.05508,0.555375
0.257653,0.694011
-0.222418,0.205771
0.00446177,-2.05773
0.522779,-0.954427
-1.19318,-0.933413
-0.644347,-0.420166
0.726506,-0.567007
0.413284,0.0717981
0.770067,-1.80921
-0.37039,-1.07605
-0.724704,-1.06558
-0.00623496,0.755837
1.01402,-0.0292052
0.341275,-1.85689
-0.22097,1.16141
-2.09084,-0.266532
-0.439128,-0.511652
0.905524,-0.0221316
0.62917,-0.515837
-0.49806,0.79777
0.671889,-0.646072
1.00051,0.300879
0.323991,-0.0250416
0.173569,0.439872
-1.45488,0.246908
-0.410038,-0.452142
1.50007,0.0907344
1.45806,0.289333
-0.902766,0.326275
-2.0711,0.902884
-1.03647,-1.04476
0.191342,-0.591794
2.12673,-0.0860886
0.411855,1.34355
0.546108,-0.16888
-0.0177939,0.259912
-0.0826479,-0.684681
1.30481,1.29982
-1.62191,1.5102
-1.01314,0.535782
1.99891,-0.189718
-2.53339,0.286555
0.0793004,0.825128
-1.07577,-1.00871
0.924845,0.744779
-1.4824,1.59088
-1.0889,0.321689
0.882677,1.01399
-1.31901,-0.652818
-1.25194,1.56006
-1.76201,0.892426
1.66939,0.910007
-2.42241,0.683544
1.0645,-0.0428832
-0.191615,0.620608
1.53822,-0.70317
0.378074,0.144554
-1.6311,-1.19802
-0.517278,0.062277
0.472937,-0.064252
-0.861772,0.21056
-2.21618,1.25615
1.87353,0.461849
-0.428949,0.424785
0.15359,-0.235355
0.0735964,-1.41585
0.996734,-0.619991
-0.22186,-0.200771
2.2635,-1.11333
-1.03435,0.452353
-0.253562,-0.289065
0.468812,0.282393
0.394387,-1.33061
0.871486,-2.78094
-0.267315,0.131953
0.81365,1.43626
-1.78836,-0.75947
0.716081,-0.763199
0.0800293,-0.449572
-0.402419,0.0550093
-0.182152,0.0871433
-0.453096,-0.491521
-0.768606,-2.16695
0.411183,-0.0428291
1.31489,0.476158
-0.253747,0.454131
-3.22609,1.85919
-1.44342,-0.500042
0.238244,1.76669
1.19879,-1.07608
-1.25946,0.0429922
0.265006,0.543071
0.260237,0.253089
0.20845,-1.1461
-1.56684,0.261992
-0.48922,0.185755
1.03963,-0.0420425
-2.51851,-2.20101
0.0403573,0.589211
-0.255428,-0.876802
-0.153873,0.418632
-2.27469,-1.39019
1.67892,0.171519
0.875436,-0.835829
0.310492,-0.281252
-0.0982145,0.304899
0.729,-0.598206
-0.440891,-0.30846
-0.075805,1.74409
-1.82543,-0.792869
-2.53875,0.907727
-0.854351,-1.66873
-0.552951,-0.673761
-0.00603779,1.30791
-0.102993,-0.13797
-0.772049,1.85741
-0.757963,-0.255057
0.163415,-1.37322
0.864424,-1.90228
1.13044,0.282617
0.621332,-0.177582
-0.45019,0.770381
0.586408,-1.35811
-0.682716,1.19383
0.62895,-0.958018
0.234279,0.346499
-0.15159,-3.29384
0.647051,-0.581762
0.0403964,-0.390583
-0.50862,-0.29267
1.164,-0.0235001
0.150801,1.37241
0.94507,1.02729
-0.849131,-0.193155
0.269972,2.40593
0.27449,0.369331
-0.2562,0.289593
-1.16008,-2.29314
0.391357,-1.43392
0.616587,-0.0170503
0.554603,-1.12044
-1.83951,1.03881
0.410339,0.340466
0.687537,-1.41444
-1.11666,-0.796618
-0.768816,-0.635464
1.18292,-0.770492
-0.0284225,0.0237751
0.954396,0.740769
1.04341,0.824878
-0.891728,0.95186
-2.70027,-1.68154
-1.16362,1.37784
-1.17286,-0.260102
1.91436,-0.761378
0.414595,0.319681
-0.86086,-0.329614
-0.910025,0.622449
-0.473839,0.426097
0.282294,-0.738878
0.29522,-0.846473
-1.34933,-0.819572
-0.125392,0.092077
0.0264756,-0.0301713
0.229562,-0.238476
1.6625,-1.54864
0.284119,0.181961
0.573478,-0.565813
-1.22786,0.965208
0.825369,-0.577232
0.589335,-0.445172
-0.166831,-0.61486
0.217975,0.857475
-2.25576,-0.776329
0.740946,-0.134438
-2.50182,-0.856781
-0.802185,0.761359
-0.505969,-0.261728
-1.18997,1.73944
-0.868845,-0.0267781
-0.549946,-0.634057
-1.55665,-0.832784
1.6866,-0.254684
-0.601738,-0.33173
0.877094,-0.383515
0.238727,-0.0553588
-0.536006,0.158607
0.0330697,0.358498
0.171073,-1.03027
-0.660017,-0.38368
-0.655688,0.166692
0.535449,0.24491
-1.2476,0.291241
2.19393,-0.943482
0.353872,0.136181
1.22171,-0.00221997
-0.547745,-0.184217
1.45204,1.90735
-0.131365,-1.10686
-0.61669,-0.474287
-1.21576,0.0385438
-1.71092,-2.10363
1.12743,-0.72473
0.178443,-0.0188271
0.177253,0.771462
-0.795115,-0.107076
-0.645048,0.94884
-2.11882,-0.805139
-0.520361,0.576984
-0.679923,1.27743
-0.104356,-1.727
1.21581,1.51486
1.18282,-1.16942
0.101668,0.194067
-0.787384,-0.396118
1.15556,-0.493346
0.303649,-0.110675
-0.0994641,-2.55584
-0.00327285,0.279369
-0.214804,-0.34685
1.78946,-0.853236
-0.0991849,1.55129
1.169,0.253547
-0.185067,1.14994
-1.82769,-0.931441
-0.0812856,1.01433
-0.206415,0.297401
0.339095,0.0852671
-1.09942,0.0572964
-0.586434,-0.153106
0.995867,-1.87849
0.623646,1.1986
0.201721,0.89106
-0.952122,-0.762026
0.777381,0.313259
1.51787,0.459428
0.335332,0.225585
0.0719068,-0.301981
-0.0181608,-0.935879
0.273477,0.787963
0.329204,0.436432
-0.243216,-0.885036
0.430811,-1.11619
-1.18982,0.437307
0.292508,0.149729
0.101925,-1.13471
-0.262751,0.539238
-0.909739,0.322966
-0.0103341,0.76
0.133088,-0.00478327
-0.771621,-1.83443
1.03543,0.509806
-0.345414,1.42097
-0.00874188,-0.194621
-0.0701756,-0.95076
-0.447682,-0.903572
-0.755904,-0.716186
-0.333047,1.59217
0.288801,0.807735
-0.809709,-1.59754
1.02562,0.403721
0.977216,-0.234778
-0.523906,0.418698
1.2295,-2.61642
-0.292974,-0.418229
0.768259,-0.179382
-0.554449,-0.0458089
0.809698,-1.38317
0.453908,-1.04468
0.643638,-0.751914
2.16686,-0.193751
1.5596,-2.08396
-0.787867,0.0878359
0.141792,2.36698
0.538132,-0.487127
0.66606,-1.62044
-1.52236,-0.0730829
1.26272,2.2241
-1.40075,0.450032
0.193025,0.138358
-0.208913,0.201098
-0.441286,-0.986896
-0.315711,-0.789734
-0.77393,0.370717
-0.757128,-0.71495
0.655608,-0.377019
0.279252,-0.314835
0.397679,-1.25726
0.307245,-0.905893
0.728037,-0.416776
-1.20351,-0.247043
0.0378076,1.16389
-0.544965,0.894487
-0.869888,1.10926
2.36142,-0.289725
1.37341,-0.91569
-1.47785,0.522055
1.61488,-0.914642
-0.319506,-1.50557
-1.198,-0.257065
-1.20285,-0.999416
0.825248,0.545992
0.379486,1.57933
0.607112,0.0229931
-0.200844,2.14908
1.73959,0.34755
-0.323715,-0.79813
-0.96575,-1.04853
0.638936,-0.0877643
1.37409,-1.79623
-0.67927,-1.26373
-0.940872,0.094824
-1.82596,-2.29947
0.807762,2.14542
1.7874,0.953575
-0.832003,0.456446
0.124911,-1.21963
0.504707,-0.168226
-1.04032,-0.455004
-1.11165,-0.239473
0.603486,0.25407
-0.277745,0.163318
0.274046,-0.868627
0.258347,-0.593552
1.39675,1.19339
0.18743,-1.28243
-0.47334,-1.33001
0.539126,0.00333526
-0.907122,1.32773
1.27001,-0.941618
-0.784517,1.46218
-0.331878,0.329648
-0.00414292,-1.39213
-0.197727,0.0101642
-1.31299,-1.2226
-1.90546,-1.3258
0.696649,0.426838
0.293951,1.16566
-1.28474,0.26069
-1.25447,-0.0161646
-0.71488,0.196133
-0.516578,0.295816
1.25106,0.349815
0.602506,-0.982943
0.213857,0.100721
-0.32573,1.76269
-1.75744,0.0428128
1.67149,-1.13748
-0.308911,-0.341735
-0.230675,0.776791
0.207663,0.775581
1.13238,-0.254731
-1.02443,0.484736
0.11746,0.767393
-1.53157,0.973319
-0.946596,-0.524885
1.08882,0.821572
-1.7999,-0.105665
0.737854,0.523273
0.0419259,1.29516
0.559735,0.463309
-0.240513,0.392751
1.14341,0.283502
-1.12794,1.72382
-0.639231,-0.265887
-1.16573,0.845462
-0.0275003,-1.83249
1.19731,0.767921
-0.209623,-0.0231942
0.788268,1.40583
-0.85386,0.814459
-0.172401,0.957438
1.03361,1.25155
-1.26418,0.773339
-0.637791,0.515852
-1.02296,-1.49746
-1.87436,-0.0714511
-0.54884,0.808249
-1.14028,1.17642
-1.02795,0.598347
0.161827,0.177321
0.075758,-1.41954
-1.14511,-0.622816
0.0460942,0.216013
-0.294141,0.383676
0.365673,1.53021
1.26467,0.0884865
1.07014,-0.115386
-1.13147,-1.71149
-0.3296,-0.966826
0.0452495,-0.75116
0.227944,0.838346
0.119529,0.717203
0.0733135,0.529351
-2.00365,0.789782
0.924054,0.418179
-0.321725,0.908242
1.69827,0.19166
-0.518822,-1.98618
-0.133967,-0.229164
0.669612,-0.87715
0.984993,0.0956985
-0.53004,0.549733
0.305696,-1.62643
-0.363071,-1.37114
-0.0585429,0.428075
-0.0860057,-0.104583
0.690114,0.967952
0.578221,0.976897
-0.319985,1.28305
-0.436213,-1.29066
-0.355409,1.06119
0.93949,-0.543799
1.41269,-0.202938
0.117361,0.966872
0.364798,1.35184
0.901477,0.54189
-0.169539,-0.281893
-0.86063,1.84061
-1.70391,0.997119
-0.740534,-0.179989
-0.73626,2.09701
0.49112,-1.62213
-1.01497,-0.19753
0.76262,-0.147604
0.0990914,-0.306037
0.662282,-1.19275
0.470653,0.138631
0.735077,-1.85282
0.730691,-0.724924
0.385498,-0.629708
0.742091,1.72047
-0.425923,1.43827
0.518028,-0.304583
-0.481113,-0.746843
-1.20085,0.767606
0.523871,0.438831
0.805473,-0.7746
-0.493404,-1.04233
0.634694,1.4913
1.00556,-0.518725
0.759788,0.559701
-1.81829,0.393061
-0.625471,-1.26743
0.216995,-0.148572
1.40379,-0.134925
1.53783,-0.319203
0.357392,-1.08421
0.758947,0.0216196
0.224569,-0.19518
-2.30373,0.162328
-0.216312,-1.10101
0.0993566,0.346703
-0.0880131,-0.317521
-0.171205,-3.23347
-0.695355,-0.540795
-0.611619,-0.0257891
-0.926438,-0.704648
-0.334732,1.41632
-0.633463,1.72789
-1.28048,-0.783267
-0.581294,0.57597
-0.39049,1.88592
-0.0440346,0.975441
1.1363,1.47265
-0.198031,0.40693
0.506126,0.123735
0.403348,-1.28893
1.90752,-1.54662
0.658452,0.335357
0.145784,0.843622
1.64923,0.066396
2.16602,-0.638469
0.327974,0.0075054
1.76476,0.401689
0.172948,1.11773
1.28576,0.764854
-0.676228,-0.555062
-1.75602,-0.205842
-2.05882,-0.862915
1.24725,-1.57308
0.455029,-0.0186547
-0.00254941,-1.63144
0.17189,2.18292
-0.490624,1.06924
-1.07795,0.554122
0.603894,-0.125372
-0.505435,-0.521015
-0.839445,-0.728663
-1.00035,-0.98103
-0.577321,-0.303155
-1.06772,-0.763619
-1.34951,-0.0196382
0.513862,-0.379883
-0.912428,-0.0512565
-2.173,0.0576053
0.867114,-1.24659
0.905203,0.244207
0.29393,-1.49198
1.22461,-0.490835
0.37105,-1.27661
0.337034,-0.148603
-0.604709,0.0969267
0.435157,-0.849423
0.523495,-0.782051
-0.783703,-1.12547
0.142211,-0.275597
-0.497793,0.045476
2.66573,1.17091
1.67351,0.406045
2.91751,0.0733048
0.0481009,-0.433154
1.01519,-0.173317
-2.81921,0.948328
1.06649,-0.549541
2.14213,-0.533608
-0.0872504,1.28916
0.513102,1.11791
0.423732,-1.19499
-0.790156,0.325883
0.874402,0.077278
0.795669,-1.37864
-0.507767,-0.735873
-0.389958,0.714282
-0.809886,-1.72624
0.0296066,-2.17384
-1.80276,0.30078
-0.22627,-0.061144
0.410095,-0.346184
1.97277,-0.233677
-0.174696,-1.30055
1.27428,0.575629
1.36983,0.322606
1.17127,0.095984
-1.3795,-0.559961
-1.26638,0.441261
-0.765245,1.26873
0.297604,2.19144
-0.391181,0.731268
-0.844706,0.804978
0.852108,1.60653
-1.23336,-0.451512
-0.531405,-1.50411
-0.734595,-0.448654
1.1192,0.520876
1.33287,-0.894325
-0.0906554,1.02563
-1.10941,0.0721944
-1.18447,-0.819181
-0.0414143,-0.682029
-0.261397,1.02523
0.463155,0.388656
0.733346,-0.571945
1.98415,1.04587
0.612449,-0.86875
-0.236321,-2.22225
-1.35583,0.481416
0.368461,-0.412022
-0.930584,-1.24283
-0.435958,-0.298054
1.22568,-0.854023
-0.542282,-0.19913
-0.503306,1.08057
0.142899,-1.10046
0.314923,0.605966
-0.0407959,0.304583
-0.133395,0.390992
-0.608651,-0.886374
-0.559622,-0.228102
-1.05635,-0.447093
0.728288,-0.236376
-1.29694,-0.179711
-0.151014,-2.32056
-0.90447,-0.0138349
0.503008,0.552456
-1.2591,1.89721
-1.32407,-0.147871
-0.843284,0.976923
-0.390787,0.507025
-0.0821041,-0.0537593
1.21264,-0.369636
1.38637,0.191393
0.439759,-1.64089
-0.32079,1.49615
1.07231,0.200306
-1.29533,-1.896
-0.411191,-0.861928
0.39164,-0.53865
1.20847,-0.755388
-1.17103,-0.534638
0.192904,-0.558287
-0.316082,-0.213192
1.2364,0.400142
-1.81816,-0.890885
-0.308266,-0.394488
0.0579331,0.476959
-1.11517,-0.0522138
0.269894,-0.782997
0.658417,-0.986503
0.0301345,-0.111534
-0.205124,0.840846
2.1096,1.76005
-0.0545668,-0.36951
1.02745,-0.707258
0.460939,-1.51616
-0.452228,0.756946
-0.776506,-0.302374
1.04584,1.26705
0.295039,0.203012
-0.533419,2.40883
-0.353832,0.451116
0.0582199,-0.774328
-1.225,-0.440677
-1.16293,1.50737
0.233859,0.332077
0.158587,-0.953926
0.343806,0.377164
0.319559,0.193713
0.94468,-0.0985538
0.357175,-1.73008
0.350851,-0.378574
1.05771,-0.784848
-1.14865,0.112547
-1.44414,-0.325135
-0.217004,-0.33178
0.322276,-0.716352
1.33325,0.784922
1.10903,0.000442192
-0.544058,0.338098
0.326034,0.429149
-1.68307,-1.07263
-0.754141,-0.996245
-0.482338,0.398718
-1.27589,1.47086
0.20581,-0.772921
0.0173885,1.37195
-0.052839,1.42442
0.535496,0.542719
-0.0122511,1.63912
-0.267646,-0.145333
0.896285,-3.37816
-1.29483,-0.00741885
1.36737,-2.14465
-0.464054,0.172943
-0.0181835,-2.68759
-0.956394,1.03964
1.32776,1.63331
1.6726,0.809777
-0.511625,-0.504271
0.991926,-0.0604995
-1.25327,-1.54684
0.117136,1.62894
-1.3814,-1.06064
1.27653,0.993793
-0.597853,0.49142
0.567928,1.08637
-1.40758,-0.469093
-0.0149781,-1.21485
-0.675562,-0.10723
-1.1378,1.06004
0.774728,-0.953864
1.23024,-0.934954
-0.296342,1.73105
-0.0369299,-2.28594
-2.22409,-0.740756
0.345806,-0.454953
0.528251,-0.998838
1.34595,0.386812
0.331552,-1.29008
-1.16662,0.0690617
-0.332787,-0.874874
-1.9585,1.62451
0.681214,0.438444
-0.738995,1.00162
0.132842,-0.635213
-0.206732,-0.502717
-0.334974,-1.57628
0.273111,-0.184844
-1.03736,-1.88992
-1.1247,-0.717967
-0.907369,1.05484
-0.311721,-0.137856
1.67794,-0.273254
0.516251,-0.343656
0.0734842,0.195095
-0.338309,-0.972372
0.224052,0.240062
-0.103697,-0.114162
2.1433,0.0156109
-0.928643,-2.54239
0.55494,-0.802066
0.218167,-0.782327
1.33652,-0.919817
0.302347,-1.33673
-1.42412,0.705111
-0.890786,1.39846
0.541984,1.21502
-0.197829,1.79386
2.11472,1.50096
-0.805026,0.150604
1.15487,0.452833
-1.12749,2.72055
1.79927,1.24837
0.70282,-2.25118
0.341941,-1.29557
0.151423,1.17125
0.95174,1.03653
-0.021614,0.976964
0.0349287,0.158921
-1.03138,-0.510793
0.89159,0.0132053
-0.00558037,0.410106
-0.871645,0.358061
-1.1506,-0.673375
0.991812,1.04461
-1.69722,-1.13466
-0.119132,1.75976
0.0986129,0.0497697
0.110794,-0.0610035
-0.0349728,0.233446
1.17948,-0.334394
0.469449,0.711282
0.935581,-0.852658
1.56188,0.61312
-0.133238,0.285581
0.446799,-0.382542
2.03829,-1.87003
-0.749947,-0.121359
0.984568,1.92707
-0.912613,-0.236428
0.747597,-1.83548
0.584335,0.0228336
1.82543,0.340144
-0.663935,0.309628
0.6166,-1.6242
0.618503,1.19265
1.08393,-1.43692
0.287244,0.67338
-0.711614,-0.868496
-1.573,0.334819
1.04316,-0.0601011
0.567993,-0.563304
1.9179,0.403638
0.0472413,0.464507
0.912443,-1.47619
-0.691191,0.239658
-0.12175,-0.565185
0.532851,1.27871
-0.708654,-0.262122
-0.438026,1.37249
-1.80652,0.477765
-0.0858226,0.645216
-0.347351,1.53753
0.0846561,-1.79786
-0.0318844,1.41137
-1.01485,-0.513827
0.92977,0.850359
1.0526,-0.0883463
0.543403,-1.52912
1.51435,0.910334
0.227716,2.17443
1.16565,1.28695
0.0796662,0.586489
-0.4963,-0.431143
0.741378,1.32514
1.16649,-0.202245
0.125693,-0.133643
-1.53461,-0.856125
-0.993158,1.27218
-0.740914,-1.40527
2.17793,-0.761375
-0.290311,0.503761
0.541956,-1.11641
-0.323916,0.245224
-0.802969,1.3848
0.3797,0.552578
0.258124,-0.338778
0.985171,-0.792141
-1.18786,-0.915281
0.436594,1.24148
0.347607,0.715413
-0.838668,-1.80091
-1.01081,-0.142217
0.849389,1.87115
0.628074,1.14704
-0.440026,-0.453874
0.39214,0.401365
0.961867,0.0463783
0.572651,0.205596
-1.04357,-0.377941
-0.95767,-0.168786
-0.192799,0.384927
0.411643,-1.48644
0.242872,2.2162
1.01701,-0.388152
0.447478,-0.341647
0.682938,0.854033
-0.452329,-0.22441
2.09873,0.502826
-1.1499,0.236699
0.714934,0.9228
-0.502654,1.28376
-1.12076,1.19936
0.281638,0.182734
-0.3178,1.42403
-0.900693,-0.773307
-0.546315,-0.0581263
-1.41257,0.699244
0.794417,-0.26108
-0.439827,0.110265
-0.331607,-0.526281
0.999296,-0.540179
0.139694,-1.42817
-1.12866,0.282963
-0.374333,1.60709
0.365016,0.118194
-2.26085,0.243567
1.88281,0.681531
1.29156,0.0514479
1.44956,-0.811267
-0.80733,-0.187843
0.0386633,-1.48223
0.692118,-0.00542083
-1.2609,0.345974
-0.58112,0.277663
1.93614,-0.16921
1.00037,-1.44825
0.195005,0.0287121
0.375838,1.11102
0.734343,2.16842
-0.766142,0.568521
-1.65696,-1.85825
1.15513,-1.0322
-0.513115,-0.211481
0.996297,-0.706331
0.392618,-0.895501
-0.459032,-0.943642
0.542914,1.81409
-0.366174,-0.0735832
0.129021,0.374209
0.0807843,0.526434
0.844715,0.703611
0.314366,-0.957141
-1.13714,1.00404
1.68195,0.849121
2.3395,0.879057
1.44254,-0.351666
-0.681858,0.0871798
2.07424,-1.16385
0.474667,0.452561
-0.411204,-0.122558
-1.05131,-0.571371
-0.476619,0.0698286
0.195968,-0.459806
0.58666,1.31155
0.945571,0.806383
-1.32596,0.101871
0.430427,0.161685
-1.17598,0.493278
-1.4801,-1.13116
0.497294,-0.240672
-0.824496,-0.910846
-0.367621,1.83353
1.44533,-0.102209
-0.935048,2.11462
-1.73091,-0.745246
1.48428,-1.38561
-0.980844,-0.936517
0.750734,-0.237239
-0.354404,1.21913
-1.77215,-0.934838
-0.744025,0.490419
-0.159462,2.3006
0.385748,0.403509
2.15349,0.295591
1.2008,-1.00413
-0.210986,0.749854
-0.966438,0.972754
0.918912,-1.16247
-1.00424,0.691666
-0.546766,3.25508
-1.02199,-1.62374
0.157,-0.110754
0.480645,0.300834
0.659395,0.796697
1.1047,0.70976
0.943154,0.561761
-0.810364,2.12882
0.0307665,1.00407
0.722666,0.184218
0.0821617,-0.353601
1.86149,0.216187
-0.166534,-1.80823
-2.40582,0.453829
0.385891,-1.55957
1.81466,-0.26662
-2.59289,0.378556
-0.991496,-1.17798
0.0323998,-0.139088
-1.08102,-0.0702501
1.4466,0.823767
-0.409289,-0.841711
-0.04419,0.998157
1.11878,0.00705272
-1.24329,0.235149
-0.085771,-0.490367
-0.67808,-1.5943
0.518235,-0.0733691
-0.62846,2.16474
1.05457,0.919962
0.484874,-0.587908
0.968032,0.74724
-2.45406,-0.927241
-0.632028,-1.79639
-0.549443,0.577704
0.140421,-0.448613
-0.681778,0.378895
-2.05149,-0.139409
0.400809,-0.0728868
1.66005,0.486404
0.209721,1.3671
-0.860031,1.69848
-0.339158,0.882799
-0.112029,-0.577259
0.271067,-0.6243
1.5083,0.0757221
-0.22991,0.393287
-0.253958,-0.358755
0.923323,-0.784139
-0.454147,0.803641
-0.0673689,1.20137
-1.5354,1.62632
1.67098,-1.08707
0.14653,0.947933
-1.28203,0.697398
-2.54014,1.59528
-0.932934,1.70395
-0.312481,0.349908
0.293368,-0.248727
1.02787,-0.321792
0.369493,-0.98525
0.89644,-0.311643
-1.09919,0.719323
-0.0298131,1.3798
-2.40928,-0.218359
0.619087,0.613233
2.69568,0.432622
1.26172,0.0426662
-0.799884,0.132861
0.395215,-1.07035
-0.116547,-0.910011
0.36566,-0.11992
0.150084,-2.13616
-1.04659,-0.786756
0.0275163,-2.0676
-1.2659,0.866243
0.76152,-0.858193
-0.223069,-0.923573
-0.65104,0.410134
-1.3097,-0.605277
0.943036,0.0624962
-1.01797,-0.207794
0.81129,-0.158834
-0.986448,-0.200855
-0.944209,0.0740935
0.208173,0.323884
-1.16267,-0.618766
0.359872,-2.97667
0.307424,0.263635
-0.320547,0.727895
0.71782,0.489458
0.231396,-1.16078
0.496442,0.723535
0.177545,-1.74738
-1.45305,-1.04778
-0.783724,2.82648
2.29066,-2.09585
0.0113273,-0.441596
0.7428,-0.0451961
-0.0258051,-0.133848
-0.425942,0.910282
2.09627,-0.84366
-0.120698,0.550593
1.37026,0.266482
0.787212,0.148675
-0.63459,1.12493
-2.01254,1.48106
1.05399,-0.588595
0.498322,1.1529
0.275908,0.536764
-1.57174,0.516611
-0.0666355,-1.27783
-1.03616,2.17509
1.13074,0.0773274
0.789836,0.925395
-1.00604,-0.164442
1.17258,1.45049
-0.173511,-0.323809
-0.0454878,1.53798
-0.275352,0.350177
1.85315,0.434343
0.472495,-0.929905
0.873534,1.29282
-0.532213,-0.203665
1.74416,-0.138653
0.423099,0.337155
0.760217,2.17791
-0.475438,0.0170481
0.991292,-0.139818
1.90627,0.293046
-1.90101,-1.08173
-0.412661,-1.2138
1.18972,0.325099
-0.372605,0.685333
-1.03235,-0.0207316
-0.554685,1.20706
-2.00572,1.32446
-1.60549,1.50498
1.21029,-0.26261
0.896303,1.03707
0.532458,0.455662
0.130571,-0.613199
-0.0752032,-0.646172
0.334618,3.02013
0.212648,0.389405
0.0566317,-0.624232
-1.51079,-0.223257
0.205694,0.313259
-2.20706,0.851135
-0.471209,-0.69828
2.46718,1.85101
-0.223252,0.14928
-1.50057,-0.625731
-0.144335,-0.825309
0.143821,-0.262937
2.14957,-0.106479
-0.0191165,0.287945
1.34901,-0.288002
0.365774,0.129319
0.71842,0.141702
-0.502158,0.723013
-0.460073,-1.16187
3.1515,-0.443194
0.341429,0.279288
-0.1869,-0.762378
-0.84608,0.814256
0.41616,-1.96626
-0.530639,-0.576202
-1.82523,2.02127
-0.249987,-1.07091
-0.334417,0.880896
-1.22224,-1.77041
-0.25961,1.75161
-1.14933,0.116055
-2.38221,-0.8884
0.662361,-1.19206
0.176012,1.34699
-0.260756,0.13453
0.598111,-0.753075
0.0421109,1.1427
-0.0823551,0.390232
0.828392,-1.23439
0.37241,0.603058
0.0324511,-1.58034
-0.158938,-1.40811
0.103473,2.93254
0.857535,1.34616
-1.31435,-0.2824
-1.92209,0.525259
1.85521,-0.908762
0.198303,0.377687
0.546382,0.28501
-2.84916,1.68512
0.125243,-1.33516
-0.278498,-0.163168
-0.126595,-0.30017
0.276819,1.41524
-1.04454,-1.25053
0.798049,-0.612087
0.379936,0.924312
2.11618,0.911118
0.0725629,0.272992
-2.12685,-0.531424
0.324368,0.376339
0.418768,0.685474
0.802746,0.402149
-0.283217,-0.190815
1.89429,-0.0294987
-0.323032,0.369983
0.57732,-0.835677
1.0135,-0.494622
0.465504,-1.76862
1.38011,0.435621
-0.0414251,1.0128
-0.305984,-0.220898
-0.298903,-0.396367
-0.649214,-0.332832
0.185403,0.110703
-0.525306,0.54974
0.513309,-0.143957
1.7183,0.916387
-0.463087,-0.678774
-0.38988,-1.3396
0.238315,0.565449
1.3044,-0.935909
-0.997521,2.83705
-0.294612,1.0913
0.815604,0.801798
-0.800693,0.164144
0.975014,0.590153
1.85387,1.22192
-0.328997,0.887994
0.0816789,-0.772545
1.70969,-1.36682
0.458923,-0.89041
2.30156,0.346342
-0.929729,-1.271
1.04592,0.532379
-0.814952,-0.973804
-0.793379,0.430122
0.168728,-1.64363
-1.13824,0.0664689
0.50442,0.994627
1.47121,-0.805346
-0.912064,0.296932
1.36258,0.313591
-1.65912,0.135883
-0.119009,-1.39057
-0.834274,0.289441
-0.312194,-0.260092
-0.574231,-0.262112
-0.495626,-0.370041
0.213778,0.576581
0.629007,0.495251
-2.70038,-0.420193
1.93447,0.89261
-1.23395,-0.37973
-0.767748,1.34236
1.04204,1.42406
-0.0982207,-1.14491
0.764634,0.907734
0.767288,-0.815417
0.0495745,0.0724168
1.44416,-0.828291
0.222925,0.538833
1.06568,0.560363
-0.67734,0.199759
-1.6404,-0.127583
-0.328388,-1.15897
-1.37134,-0.915839
-0.966666,0.92414
0.611983,-0.926067
-1.38369,0.61563
0.712076,-0.447166
1.32229,-0.66614
-0.136605,1.37182
0.778721,-0.353145
1.22831,-0.628433
-2.35788,0.221611
0.189586,-0.395332
0.416531,0.077756
-2.09658,-2.20157
1.5161,0.743157
-0.680178,2.01901
0.116916,1.63634
-1.15868,-1.00506
0.153138,-0.986218
-1.26961,-0.580605
1.43898,1.5386
-1.34314,-0.305659
-0.823425,-0.0233396
-0.0695902,0.19403
0.724673,0.194022
1.44071,0.252189
-1.01128,0.566327
-0.52613,0.85332
0.308749,-0.0384108
-0.926005,-1.86301
-0.519274,0.345429
-0.838839,-0.0413859
0.521277,-0.46325
0.897501,-0.243542
0.904993,0.586542
1.88081,0.640454
0.300428,0.13956
-0.202577,-0.116137
0.2632,-0.437122
-1.22113,-0.306914
1.14337,-0.536257
-0.224515,-0.175559
0.584526,0.465855
0.577846,-0.273061
-1.13544,0.737806
-0.418859,-0.0995377
0.297083,0.335828
0.0929289,1.35413
0.0657966,-0.110729
-1.48564,0.144106
-0.962127,-0.342664
0.546717,2.09715
0.730551,-0.873003
-0.344162,-0.0571009
-0.418398,1.21293
-0.618647,-0.871517
0.50304,-0.639177
0.0780496,1.33247
-0.298295,-0.522113
-1.14467,0.918076
-0.545198,-1.47543
0.19486,0.123821
0.778921,-0.191865
1.39954,0.41825
0.839111,-0.272201
-1.0588,1.01408
0.65932,-0.25388
-0.756916,-0.105255
-0.545122,0.451586
-0.860236,1.61203
1.6209,-0.927752
-1.19303,0.952329
0.513234,0.338669
0.653469,1.52569
-0.437405,1.35421
-1.30727,0.326905
-0.571944,0.833896
1.99572,1.74756
0.26489,-0.0157111
0.0471914,0.992638
-0.268716,0.141903
-0.518291,2.27179
-1.89958,-1.3097
1.28866,1.04834
0.131584,0.119309
0.0978181,0.0813326
-1.6624,0.609305
-0.474268,0.203397
1.05385,-2.35478
0.684364,0.431283
-2.74141,-1.93817
0.522488,-0.504065
1.21124,0.724375
1.23079,0.458893
-0.568868,1.26838
1.6895,0.881993
0.936912,-1.00191
-0.14672,-1.73934
-0.109896,-0.448419
1.07614,0.849433
-0.428161,0.384151
0.935238,1.08873
0.273666,0.663229
0.119186,-0.0160053
-0.567703,-1.1372
2.09862,-0.874963
0.829583,1.67063
-0.753683,-1.19918
1.1499,-0.461729
-1.43808,-0.00774714
-0.53184,-0.48388
1.24872,0.350267
-0.293195,-0.107764
1.39372,-1.25294
-0.408322,-1.53921
0.332702,-0.342581
-0.518267,1.15567
0.456984,-0.664228
0.224466,-0.260512
-1.26915,-0.629899
-0.144161,0.486726
-1.37328,-0.718594
0.68455,-0.817215
-0.0909536,-0.898758
-1.48455,-0.857144
-2.176,1.14642
0.336981,-0.224023
0.0120743,-1.29059
-2.14645,0.0250005
0.0917229,-0.486722
-1.88833,0.472066
-1.67954,0.956173
-0.996043,-0.767395
-0.244509,0.0606528
1.11767,-0.0307953
-1.51288,0.0899189
-0.26431,0.470578
0.725909,-0.011415
-0.195229,-0.20727
-0.891066,1.24093
-0.330987,1.49582
-1.75311,1.68848
1.1794,-2.23403
-0.913737,0.638466
-0.788869,0.0608125
0.144302,-0.704111
0.769533,-1.88391
1.17551,0.0248159
-0.318113,0.235752
0.140721,1.72531
-1.96215,-0.766115
0.430127,0.896142
0.544522,0.241284
-1.05889,-0.6967
0.809467,-0.686405
-0.209696,1.58444
0.140443,1.63594
-0.769674,1.24829
-0.785818,1.11672
1.69491,-0.571914
-1.1373,-0.839677
-0.0134884,-1.61257
0.255275,0.306947
-1.56053,1.71314
-0.446977,0.705358
0.153206,-1.20073
-1.88644,-1.302
0.539238,0.349968
-1.95804,-1.74322
0.0233446,1.71927
-0.186116,1.82645
-0.310643,0.709662
-0.443896,-0.81562
0.0176982,1.18385
-1.94273,-0.811902
-0.00718727,1.26156
-1.59567,0.99434
0.0185639,-1.00591
0.909551,1.11892
1.44836,-0.595772
0.91759,0.416759
0.741847,1.0874
0.659109,-0.732576
-1.15725,-1.81862
-0.235953,0.922836
-0.798649,0.994311
1.1116,0.206613
-2.0524,0.778824
0.915332,1.46143
0.593018,1.32103
0.44258,1.53435
0.603078,-0.682514
-0.272164,-1.27974
1.20612,-0.223512
0.164475,-1.47138
1.3165,2.03811
-0.148635,0.0971529
-1.0983,-0.724098
-0.384336,0.335666
-0.676096,0.555421
1.22934,-1.09117
-1.46878,-1.30636
1.48367,-0.625532
-0.545656,1.41174
0.117656,0.177909
0.673354,-1.31416
-1.54763,0.82405
1.10872,2.23912
0.693576,-0.0717529
0.160938,-1.25038
-1.42247,-0.593472
0.388476,0.303621
-0.106167,-2.03124
0.623011,-1.14352
0.844589,0.848733
0.60351,-0.263015
0.20955,-1.76446
-2.84874,-1.28723
-0.867075,-0.172835
-0.350611,0.198611
-0.780123,1.22145
0.656825,1.36698
-0.792205,1.38947
-0.237028,-0.509734
0.570587,-0.180914
-2.09365,-2.50977
-1.33138,-1.24946
-1.30494,0.846771
-2.29011,-0.0291603
-0.181218,-1.05617
-0.203608,-1.00167
1.12699,0.257756
1.11936,1.61335
1.54334,-1.50893
-1.57711,-0.823494
0.581653,-0.148748
-0.318958,0.697849
0.518571,0.0176126
-0.877039,-0.519328
0.326754,-0.635159
-0.840599,-1.26833
0.00949284,2.16104
-2.27392,1.08239
1.79228,-0.11614
-2.39797,-0.227753
-1.55379,0.497345
-1.81626,1.65169
-0.225313,-1.36541
0.186526,0.0108492
-1.11941,-0.0699861
-1.65514,-3.16214
0.966575,1.43221
-1.64678,-2.29886
0.523548,1.80416
1.18064,0.151838
-0.386001,-1.31553
0.40953,0.785335
0.893692,0.365157
-0.117448,-0.844229
2.41034,1.83269
0.660827,-0.177796
0.494915,0.994291
-1.2039,-1.12985
-0.113521,-1.06399
-1.75505,1.04923
-0.0510976,0.397799
-1.20756,0.352297
-1.10673,-0.701759
-0.295856,2.39796
1.3696,-0.308576
1.34185,-0.04505
-1.0971,-0.275361
0.28122,1.4392
0.82471,-0.700546
-0.390106,-1.19566
-1.51663,-1.74058
0.474969,-1.44666
-1.85355,-1.15848
0.838579,0.572957
-1.19132,0.759993
-0.126402,-1.98817
0.277246,-0.279938
-0.154,-1.01243
-1.25704,-0.159118
1.50817,0.300378
-1.78026,-2.42971
-0.550193,-1.94428
-2.11356,-0.387289
0.71634,-0.833845
0.389992,0.863155
0.783533,0.492767
0.205266,0.637073
-1.13071,-1.0732
-1.9889,-0.434438
-0.0636244,-1.00023
2.16441,1.09521
1.70894,-1.09653
0.0808704,-0.287011
1.01355,1.38593
0.0782965,-3.52341
0.0324226,0.0928017
-0.221707,-0.992413
-1.24677,0.472047
1.11111,-1.09918
-0.0656771,1.38159
0.558095,0.490168
-0.630847,0.871813
0.622448,-0.683234
0.0418814,0.656771
-1.47101,1.11828
-0.0655318,-0.647031
-1.6479,-0.593435
-0.765937,-1.52038
1.47119,0.819476
0.232082,1.89139
-0.837103,-1.31134
2.05226,0.801987
0.276012,-1.40425
1.24414,-1.59039
0.564185,0.106464
-2.04968,0.903444
0.162,1.00968
-0.154396,-0.0705321
0.0407162,0.252983
-0.108512,-0.427471
1.17563,0.220428
0.0261197,2.38576
-0.915931,0.567609
0.70271,0.852121
1.20752,0.126584
-0.496919,-0.33918
1.37895,-0.268
0.508616,0.249018
-0.130534,-1.82757
-0.735972,-1.05067
-0.191864,0.261796
0.582592,0.600987
2.26274,-1.55121
-0.499096,0.00152976
-0.601651,2.32068
-0.813227,-0.773088
1.25198,-1.21026
1.08333,0.31156
0.604922,2.32392
0.888628,2.14218
-0.287694,-0.618507
-0.0318275,-0.328905
0.467129,0.771693
-0.518835,-1.00003
-1.2214,0.271357
1.06491,-0.282961
0.504914,-0.298857
-0.859352,-0.366024
0.257702,0.405344
1.33945,-1.15699
0.221919,1.67265
0.401817,-0.378462
-0.849512,0.518823
-2.18656,0.798825
-0.347081,-0.217988
-0.507948,0.927926
-0.00378862,-1.00244
1.53732,2.4712
-0.58541,-2.27518
1.19147,0.234066
0.0526505,-2.1192
-0.759738,-0.332435
-2.60919,-0.462521
-0.972406,-1.51714
-0.065588,0.205667
0.370751,0.206283
0.792514,2.15321
0.697777,1.70021
0.610107,0.222401
-0.283292,0.211967
-3.05462,-1.80237
-1.91249,0.926787
-0.192761,0.435778
-1.34144,-0.663862
-2.18498,-1.01856
-0.619681,0.538752
-0.724229,0.927026
0.466859,-0.851216
1.21874,-1.0142
-0.806226,1.34465
0.943399,0.354404
-0.0621276,-0.98663
-0.439327,0.0590494
0.0823629,0.671973
0.639868,-1.23327
0.360412,1.7279
0.226115,0.41729
2.01365,0.595125
-0.159038,-0.715856
0.157975,-0.257032
-0.464209,-0.579375
0.958353,-1.59348
-0.310893,-1.65431
0.994212,0.258018
-0.827802,0.181588
1.30996,-0.887465
0.0746424,-1.16999
-1.0976,-0.81026
-0.210001,0.492783
-1.69791,1.74187
-1.53804,-1.13488
2.29961,-0.782339
0.830783,0.0241233
-0.631472,0.480021
1.71695,-0.201091
-2.06233,0.231759
1.37019,-0.234993
0.158245,-0.697612
1.3232,-0.988185
-0.598382,0.332321
-0.450349,0.0703103
0.455148,-0.470053
0.0721103,-1.43395
0.123125,1.9636
0.796745,-0.0315818
0.73251,0.182485
1.60806,-0.521762
-0.637039,-1.02359
2.0416,0.0473154
-2.3501,-0.563994
-1.55046,-0.812063
0.785769,-0.8459
-0.41642,0.183314
-0.203615,0.074515
-1.05877,0.66346
1.19263,-0.561519
-0.975008,-0.170694
0.647129,-1.3238
0.562738,-1.6294
0.223346,0.0273325
0.529863,-0.438012
0.0176744,0.738837
0.942752,-1.00944
1.22449,0.320053
0.61313,-0.564352
1.23619,0.309068
0.21883,0.111719
0.704394,-0.527476
0.515918,-0.54334
0.366167,-0.395497
-1.26187,0.101342
0.197385,1.08475
2.03357,-0.609763
-1.35315,0.679331
1.9863,1.11961
2.45316,1.69839
-1.0321,-2.00407
0.0547127,-1.61663
0.27235,1.28165
-0.276627,0.752839
-0.924393,-0.825512
0.814416,-1.45379
-1.2138,0.762255
-1.81689,-0.484102
1.33351,-0.547764
0.325175,0.185998
-0.209609,0.106253
-1.22298,0.669216
-0.00837713,0.470494
0.744266,-0.467974
0.258792,0.0788231
0.235187,-1.06066
-0.025338,-0.00100522
-1.04348,-0.06917
-0.920353,-0.375984
0.26073,-0.0988892
-1.20015,-0.483223
0.976983,0.909643
0.991813,-0.585458
0.64359,-1.72442
0.00797461,-1.92524
-1.07758,-0.207865
1.53515,0.393897
0.680893,-0.322164
-0.0736542,1.17304
0.563557,0.570364
-1.71367,-0.106518
-0.60399,2.34035
-0.114182,0.491313
-0.318142,-0.527747
-0.331421,1.91847
-0.463519,-0.337354
-1.41787,0.0394822
-0.817477,1.50057
1.32566,-0.253323
-1.04271,-1.0398
-0.153433,0.900013
1.24628,-0.197379
1.3468,-1.4387
3.30384,0.143869
0.0980252,-0.904759
-1.57282,1.37423
1.75773,-0.102148
1.17391,1.28288
0.98498,0.0821785
-0.893223,-1.19553
-1.53911,0.425879
-1.0314,1.11481
-0.555672,0.09063
0.196426,1.37995
0.96751,-0.903214
-1.25123,-0.620986
1.09247,0.706055
-1.88807,1.19644
0.0615964,0.140366
1.09946,-0.34111
0.907374,-0.00923432
-0.0273718,-1.16313
1.06656,-0.835646
-0.748953,0.83267
0.934366,0.270451
0.430594,1.38363
0.305539,-2.1288
0.558353,-0.203423
-0.729066,0.352246
-0.845235,0.574919
-0.688492,-0.644157
0.052601,-1.01018
0.0911281,-0.353976
-0.315306,-0.45618
-1.61711,0.736446
0.700093,0.815689
-0.954548,0.097799
-0.478363,0.473811
1.0737,0.694047
0.757971,-0.364198
-1.76587,-0.215525
0.664932,-0.139437
-0.0277975,-0.732042
1.35323,0.0388676
0.0313931,1.05283
1.22968,-0.319768
1.21594,-1.93177
1.99393,0.301056
1.77936,0.651299
0.512341,-0.577971
0.638323,1.36216
-0.0358569,0.241442
-1.67175,0.0784876
1.53499,1.19525
0.842956,2.15219
0.651474,0.238604
-0.0857447,0.029868
0.231213,-0.0621941
0.0880348,-0.407967
1.05103,0.421397
0.570708,-0.60023
1.52105,-0.00566509
0.974292,-1.81974
0.62165,1.92901
0.172866,1.24425
1.00981,0.00785671
-1.33763,-0.962172
-0.438126,0.417316
0.246828,-0.435507
0.564073,-0.716336
0.549833,-2.1355
1.09329,1.55785
1.18061,-2.40415
0.880449,1.099
2.31309,-0.0449701
-0.596662,0.31732
-0.0152281,-0.575074
0.777555,1.95483
0.546683,1.03416
-0.0798323,-0.664434
-0.829092,-1.96617
0.946289,1.05487
-0.0871045,-0.618222
-1.19077,-1.8735
-0.98817,-0.13371
1.17406,0.972053
-0.616666,-0.141297
-0.830523,-0.898426
0.771487,0.565925
1.68751,1.65008
0.618504,-1.36508
0.279625,0.0466426
1.0213,0.116374
0.768797,-1.43752
1.03883,-1.16168
-1.56511,-0.131039
1.23528,-0.0903487
0.436949,0.0789097
0.00584925,0.904156
0.175881,0.3917
-0.624512,-0.46072
0.305217,0.340749
2.06594,-0.315871
0.210981,0.867723
-0.853262,-0.0625378
0.497134,0.629868
1.84804,-0.0422477
-1.9168,0.127329
0.358768,0.165988
1.25318,2.10908
0.146793,0.332238
-1.05474,-0.385713
1.88566,-1.20988
1.79456,-0.540214
0.282604,-0.108129
-0.740358,-0.26506
1.46837,0.0273043
-1.58617,0.0480864
1.02384,1.58409
1.15447,-0.724266
0.328416,1.59384
-0.302191,1.19771
-0.769883,-0.376392
0.923771,0.438241
1.55096,0.11286
-2.3097,-0.561177
1.29349,1.27466
0.568421,-0.253404
1.26099,1.33657
-0.484876,0.00113934
0.0904316,0.729928
1.35674,0.437543
1.85714,0.298854
0.486695,-0.310193
0.175322,-2.34082
-0.447771,0.298824
-0.329959,0.376404
-0.327483,0.148206
0.942141,-0.0738661
0.409715,-0.221265
0.830694,-0.816506
0.443915,-1.98554
0.0861657,0.863193
-0.357517,1.3501
-1.04973,1.38798
-1.02434,0.342887
0.275188,0.318406
-1.26183,0.323528
1.43576,0.704691
-2.32946,0.746276
0.140396,-0.76474
-1.49464,-0.300516
0.615545,-2.10841
-0.144033,0.50523
-1.9198,0.749186
-1.42623,-1.00489
2.10264,-0.0101428
0.214946,-0.709514
0.111198,0.676716
0.0134247,0.429745
-0.806181,0.677831
0.453549,-1.15831
-0.0894777,0.118429
-1.0991,1.18215
-0.309228,-0.894132
-0.510511,0.0649386
0.0241982,0.0539788
-0.0913752,0.237197
0.125021,-0.0242593
-1.98976,-0.163468
-0.130889,0.489532
0.0662637,-0.551582
-1.56831,-0.684788
0.867343,-0.0337307
0.490239,-0.467504
2.31626,-0.412448
-0.67012,-0.686104
3.29313,0.542475
0.409592,0.646589
-1.96966,0.368407
-0.673244,1.09746
-1.19708,-1.30912
0.332051,-0.85019
0.156128,-0.932203
-1.04026,1.02276
0.238205,-1.24625
2.83639,-0.0152484
0.673226,-1.15551
0.0579433,-0.427548
0.419727,0.102892
-0.812198,-1.34466
-0.726841,-0.736913
-1.57676,-2.1429
1.34966,-0.322082
0.0621653,-1.11769
1.33757,0.628002
-0.988905,0.888859
0.180565,0.283575
-0.355147,-0.225939
0.317079,-1.06347
-0.958112,-0.711896
-0.273344,-0.970549
0.00624744,-0.258386
-0.66496,-0.369414
-0.721256,-0.141934
0.0815665,0.588519
-0.396649,1.5728
1.13213,-0.21241
0.197406,1.31732
-0.567304,-1.73267
-1.64728,-0.80514
0.288862,-2.03368
-0.311488,-1.45496
-1.37729,0.229738
-0.0889872,-0.0765764
-1.38897,-0.24658
0.304002,-0.639683
2.4355,-0.413908
0.2931,0.370057
1.50906,-0.398051
0.507278,-1.79395
2.37084,0.769183
0.559741,-0.123685
0.563903,-1.00278
-0.395412,-0.698183
-0.399272,0.576932
1.41925,-1.30891
0.5887,1.05746
-0.452582,0.62646
0.321817,0.152625
-2.2983,1.05818
-1.19438,0.124098
1.22614,1.84528
-1.44365,-0.239297
0.257626,-0.586109
-0.252352,-0.347812
-0.0490195,0.96879
-1.00175,-0.21978
0.749784,-1.02448
0.544173,0.0308156
0.788718,-0.487228
0.360659,-0.288656
0.170029,-1.11623
-1.49935,0.298313
0.0105562,-0.295886
0.224873,0.675583
1.64389,0.0221601
-0.278697,0.946119
-1.86056,-0.12334
-1.91679,1.94387
-0.533473,0.0585388
1.5302,-0.347596
0.283138,-0.155379
-0.0899119,0.436895
-0.437569,0.132311
0.612202,-1.18555
0.186473,0.79825
1.41001,-0.27406
2.13487,0.414743
1.34559,1.32538
1.55566,0.181942
-0.525748,-1.70285
-0.696771,0.676256
0.804712,-0.431407
-0.18516,0.226591
0.383913,0.495901
0.261597,0.976707
0.0181517,0.234292
0.0386104,-0.23969
-0.0563332,1.39654
-1.49041,0.54912
-0.0808491,-2.17646
0.0506329,0.168739
0.241039,-0.138223
-0.188798,-0.219501
-0.772507,-0.58782
-0.93629,-0.419249
-1.80187,0.140207
1.3479,-1.38185
0.321692,0.184376
-0.0105582,0.21455
-0.464317,-0.737631
-0.745484,-0.260298
-0.547335,1.30361
-0.565854,-0.709178
-0.431031,0.740045
-0.821032,0.723265
-0.155222,-0.294574
-2.02183,0.717492
0.575483,0.463844
0.323373,-1.53397
0.243079,-0.0821218
-0.250398,-1.55795
-0.17514,-0.345472
-1.75536,0.0701463
0.621496,-0.0199524
-0.0750567,1.35747
1.71083,0.383504
0.23355,0.719388
0.308444,-1.27371
0.150467,-0.951618
-0.697832,-0.614442
0.938696,1.64746
-1.40427,0.2907
-0.21521,0.767482
0.854779,0.738747
-1.09138,-1.65202
-1.85207,1.01446
0.1683,0.0625924
-0.812163,1.66235
1.1247,0.519385
-1.18685,0.343728
1.27678,-1.12152
-1.41147,0.992933
1.12305,2.145
-3.02011,-0.944266
1.59126,-0.854542
0.353231,0.529359
-2.34199,0.13303
0.179064,0.0269937
0.727915,-0.616735
0.747742,1.8675
-0.392349,-0.131047
0.575634,-0.637999
-0.287042,-1.02694
1.23707,-0.096418
0.599269,0.390425
-1.04012,-1.55783
-0.251497,1.40285
-1.66922,0.422541
0.50406,0.485716
0.106197,0.0228553
2.19709,-0.210107
1.28059,0.29126
0.405153,-0.638708
1.05059,0.325664
-1.14214,1.96001
0.361898,-0.276002
0.636132,0.179088
-0.0257394,-1.39733
-1.50902,0.455947
0.631367,1.99386
0.840507,-0.742959
0.624528,1.7864
-0.747476,-2.07323
-0.604943,0.474862
-0.422228,1.32602
-0.246116,-1.28004
1.58087,0.721373
-0.317739,1.61258
0.60565,0.880043
-0.236034,0.764612
0.234137,-0.920604
-0.151554,-0.988302
0.0171684,0.178913
0.927331,-0.593693
-0.510245,-0.0369036
2.14977,-0.375043
0.76184,0.323672
-2.52065,0.199726
-1.98593,0.714848
-0.594969,1.22338
0.721213,0.0768503
1.37087,-0.577792
0.974496,0.0169474
2.88719,-0.799526
1.23243,0.343637
-0.663108,-0.232004
0.0589831,-1.20908
0.24823,0.755128
1.91384,-0.965959
0.210141,-0.658874
-0.252513,0.0825695
-0.231044,-0.100977
-0.605509,0.0630512
2.3974,0.366718
-1.31213,0.180089
-1.21225,1.03
1.35433,-0.795611
-0.633732,0.20647
1.06373,-1.98973
-0.0481274,1.01517
1.48683,0.0763774
-0.939165,0.242638
-0.944431,-1.23517
1.60034,0.475864
0.655704,0.0363634
0.728597,0.545208
-1.20346,-0.112916
-0.123705,1.23913
-1.11357,-0.676277
0.47252,2.10107
-1.0704,-0.320117
-1.99111,1.51963
2.13914,-0.132491
0.475626,0.0334584
-0.823535,-0.529132
-0.928001,-1.4899
0.947785,0.655773
1.54762,0.227733
-0.340009,-0.693056
-0.323724,-1.41663
1.19294,1.49595
-0.107189,1.84388
-0.180329,1.08216
0.215943,-0.138013
-0.420982,0.730245
0.688255,-0.293743
-1.42032,-1.12915
0.15513,0.76965
-2.23504,0.365024
-0.517043,0.667831
0.690009,0.881715
0.412088,-1.01158
0.860438,1.08676
-0.408571,-1.22503
0.640354,0.575537
0.691185,0.236007
-0.782716,-0.881953
-0.330401,-1.03867
1.65171,-0.0350455
-0.0425395,-1.92446
0.599945,-0.268882
1.13383,-1.54795
2.19881,0.172222
0.77592,-2.13687
1.20277,1.6099
0.741309,-0.127879
-1.64236,0.31508
-1.30398,-0.618049
-0.539361,0.184629
1.5345,-0.835471
-0.651067,-1.44851
-0.944638,-0.889668
-1.71417,-0.225829
0.157333,1.66002
1.51796,-1.11267
-1.19273,0.57517
-0.455429,-0.258031
-0.463163,-0.903279
1.06246,0.248143
-1.57175,-1.98042
-0.0361138,-1.3578
0.252603,0.397258
-0.876857,-1.46928
1.4179,-1.19066
2.01739,0.39147
-1.32964,-0.434221
0.978718,-0.112341
-0.758347,-0.222955
0.646096,1.96996
1.09983,0.676204
-0.305045,-0.0205203
1.09095,0.755915
1.40453,-0.632715
-0.218354,-0.660655
0.154871,-0.513317
0.580224,-1.46578
0.634251,-0.27393
0.369232,0.487281
-1.86257,1.09687
-0.448697,-0.777657
0.0048773,-2.02478
-0.469808,-0.570632
-0.106884,-0.434426
-1.34562,0.28435
1.13969,-1.24348
-2.6942,-1.38694
0.203401,-1.47518
-1.4397,-0.909512
-0.228664,-1.57573
1.63045,-0.138586
0.640971,2.03663
-0.198948,-0.953761
-0.254561,-1.52587
1.09324,0.853857
-0.0591905,0.648548
0.466708,0.843715
0.535573,-0.212618
1.4897,-1.2163
1.68627,0.409836
-0.423068,-1.61223
0.740363,1.31949
-0.27411,-2.02559
1.23369,1.33159
-1.34757,0.811625
-0.906343,-1.72381
-1.07124,-1.34139
2.7287,-1.6216
2.10885,-0.868197
0.446583,-2.07055
-0.801523,-0.232121
-0.639169,0.851242
-0.965528,1.22182
-0.861583,1.1811
-1.00705,0.699495
-0.746501,0.588993
0.880749,-2.17814
0.589975,-0.97431
-0.776106,0.961457
-0.97406,-0.692223
0.58417,0.760892
-0.826989,-0.128021
0.966811,-1.20737
-0.0457719,-0.544495
1.34212,0.261601
1.98698,0.025234
-0.818618,0.00332138
0.454305,-0.159255
-0.0118727,-1.62806
0.631902,-0.908109
-0.480657,-0.205617
0.626145,-0.844445
-1.2691,0.30784
0.358274,1.01958
-0.5111,-0.995196
0.863634,-0.0521974
-0.546059,0.189388
-0.634911,-0.818279
0.0759993,-0.490602
-0.825315,-0.732118
0.816442,1.40764
1.74633,0.217822
-1.68754,-0.525642
1.21899,-1.9989
0.0457916,-0.570757
0.0899208,0.273399
-1.24901,-0.212055
0.0593956,0.772108
-2.31487,0.670296
0.058492,0.326018
1.48373,0.497428
0.35919,-0.629117
-2.09707,-0.0988172
-0.521923,-0.417824
-1.59389,-0.771328
0.94268,0.0847633
-0.138348,0.0790244
-1.02413,-0.968689
-1.26216,1.04192
0.337606,-0.321783
-1.31494,0.741084
-0.998327,2.22514
-0.688488,-0.922833
-1.88358,2.15819
-0.735358,1.80248
0.193069,0.35518
0.350504,0.352211
0.661609,0.68921
0.978073,-0.29994
-0.591158,0.974284
-0.453045,-1.20536
0.222435,0.0620731
0.134626,1.19467
0.431853,0.111834
0.467298,-2.09999
0.747272,2.09498
-0.789297,0.714458
-0.160024,0.43247
1.13081,0.292084
-0.0419486,0.547276
0.260995,-1.04415
-0.232401,0.59005
-1.28276,-0.236891
0.763589,0.403917
-0.264664,-1.76458
-0.931151,-1.24731
1.97735,-1.1873
-0.174326,0.0336944
1.69727,-0.469308
0.123961,0.77891
1.63433,0.33727
-0.880791,1.46604
-0.199485,1.1108
0.540612,-0.162281
0.579419,1.10775
-1.29603,0.535473
-0.766639,1.32631
-1.50711,1.61111
-0.797729,-0.194876
1.67134,2.06494
0.452003,-0.750306
0.829973,-0.230176
-2.49381,-1.41949
0.71774,0.0334017
0.818521,0.628485
1.19503,-0.109221
-1.06753,1.75293
-1.15466,-0.12905
0.587543,1.07639
-1.2814,0.764329
-2.05017,1.69509
-0.407775,-0.529587
-1.93556,0.932856
0.621136,0.440248
-1.67008,0.211497
-1.34346,1.58504
1.46187,-0.649934
0.350826,-1.46582
1.81354,0.286766
-0.373656,-0.717467
-0.224121,0.141941
-0.556489,-0.00109479
0.359154,0.495441
-0.307579,-0.813583
1.05232,1.42483
-0.0186451,-0.484548
-0.247044,0.0443789
-0.287449,-0.0749212
0.536278,0.178981
-0.0480187,-1.36946
1.49247,0.712546
0.288656,-0.330965
-0.735443,-0.125017
0.0187944,-0.347966
-0.308835,1.91611
0.505189,0.629635
1.12722,-0.432441
-0.319599,-0.700764
-0.778585,1.71459
-1.32378,1.93044
0.144563,0.87604
-2.4515,0.768741
0.551332,0.105759
0.667147,1.34297
-0.349406,-1.23075
-0.969997,1.29268
-1.4802,-0.979035
-0.596321,-2.02884
0.747144,1.42992
-1.26709,0.940112
-0.171079,0.238898
0.280157,0.674997
-0.226494,-1.23272
-0.406987,-0.430686
1.6904,-0.355368
-1.16886,1.06598
0.160634,-0.0458518
0.448998,-0.025024
-0.929352,0.210061
-2.00181,0.727529
-0.478324,-0.306367
-0.667177,-0.761334
-1.0602,0.249805
0.467021,-0.0748906
0.268737,-1.13896
-0.336004,-0.0483899
-0.166123,0.00477714
0.493733,-0.796904
0.80762,-1.65816
0.0322072,-3.12575
-1.07394,-0.331102
0.523125,1.04288
0.52082,-0.245551
1.19702,-0.260849
-1.40665,-1.1241
1.31883,-0.575115
0.58875,-0.701644
-1.23208,1.74371
0.469289,-1.07505
-0.765444,0.558832
2.08685,0.690042
0.757375,0.676602
-1.91926,0.612354
-0.301933,0.204137
0.94955,-0.293872
-0.235415,-0.655068
-0.375531,-2.97227
-0.952061,0.205073
0.586531,-0.6733
0.054904,-0.0044262
-0.64777,0.460709
0.832888,-1.08005
0.250226,-0.207696
1.71372,2.13012
-0.523197,-0.194759
1.00977,0.512373
0.878907,0.404706
0.286051,0.606807
0.330617,-0.597147
0.50449,-2.20103
0.219908,-0.278833
1.39908,1.11802
1.68773,-0.127791
-1.43178,0.291116
-0.0635076,-1.51788
-1.03003,0.602144
-1.37057,0.34112
0.0467733,-1.67776
-1.14529,-0.782228
0.261393,-0.609962
-2.0714,0.877602
-0.624963,-0.0471704
1.15713,2.08424
1.3236,-0.585552
0.880595,-0.558199
-0.823406,1.55663
0.694687,0.1624
0.220642,-0.119558
-1.92241,-0.885159
1.03473,0.150756
0.0702126,-0.577827
-1.06193,1.11059
-1.91709,1.21362
-2.987,0.348614
-0.240897,0.183701
-0.632403,0.513498
-1.03073,-1.6702
-0.558469,-1.00037
0.718569,-0.817996
1.41799,0.527818
1.29911,-0.367
-0.0124163,-0.777999
1.41063,0.908887
-0.176551,-1.30477
-0.368365,-0.665193
0.610101,1.78685
-0.663943,-0.437682
0.761542,-0.411587
-1.23503,-0.517461
-0.377764,-0.547743
0.69999,-0.270539
-0.896483,0.396
0.981359,0.954414
0.850641,-0.599431
0.124949,-0.90641
-1.58904,0.371891
-1.05445,-0.103802
1.04737,0.857077
0.113315,0.254525
0.217732,0.254876
-1.27213,-2.71131
-0.400093,-0.0217069
0.740514,-0.570248
0.889478,-0.258127
1.48765,-1.32245
0.846396,0.22619
-0.215927,-0.644727
-0.697098,0.354866
-0.486094,-0.875944
1.43146,-1.71569
-0.832522,-0.909853
1.13596,1.00057
0.0979746,1.08407
-0.522975,2.29196
-1.05463,1.04935
0.291053,-2.54056
0.252226,-0.0184168
0.95118,0.956271
0.23137,-1.24567
0.483607,0.474362
-0.827432,-0.108243
-0.14327,1.1169
0.358303,0.858714
1.68245,0.328297
-0.529531,0.955587
-1.96264,1.00039
-0.6772,1.21821
-0.0437583,1.16122
-1.09023,1.43601
0.273646,1.04842
0.956633,0.978306
-0.266208,0.75027
-0.690781,1.32577
0.739196,0.498995
-0.689899,-0.911484
-0.784719,-0.706943
-0.534457,0.698978
-1.38265,0.993149
0.860569,-0.668648
-0.670742,-1.37766
-0.323997,-0.858713
-1.76043,-0.557978
0.787893,-1.87276
0.539672,0.227281
-0.070455,0.4971
-0.165719,-0.293529
0.357268,-0.430692
0.325451,0.418033
0.969486,-0.0141494
1.003,-0.101415
-0.772004,0.621618
-0.551648,0.664596
0.751615,0.515209
1.124,2.09462
0.810202,-1.39439
-1.01224,0.109289
0.314838,1.173
-0.821519,0.799991
-0.223052,-1.31469
1.59154,0.549033
0.41843,-0.491652
-0.503717,-0.0219502
-0.0567774,-0.808586
0.615949,-1.71384
2.12515,0.713834
0.662502,-0.794091
-0.25413,1.24525
-0.320714,-1.56793
1.41343,0.997467
0.734171,-0.0288488
0.322372,1.82245
-2.10154,0.823384
1.38281,-1.05945
2.26765,-0.184251
0.127162,1.19109
0.771999,-0.373917
-0.337826,-2.16238
0.114518,-1.37879
1.38704,0.201805
1.01622,-0.34176
0.694439,-0.117459
0.845552,-0.575574
0.759524,-0.938006
-0.79238,-0.100912
0.725435,0.890204
-0.753697,-0.267478
-1.27774,-0.785894
-0.120509,-0.220923
-0.244119,-0.536671
-1.77221,-0.180779
1.23781,1.16283
0.789596,-1.64752
0.7753,-0.0490117
0.213688,0.237975
1.06625,-0.608001
1.99969,0.751063
1.33077,-0.239214
-0.640671,-0.170698
0.199803,0.579706
-0.341241,-0.117955
-0.347144,-0.191224
-1.95961,0.81453
-0.158791,1.16817
0.296397,0.516553
-0.923911,0.462586
-0.247265,0.399959
-0.285617,1.15588
0.739657,-1.31703
1.12347,1.67526
2.22839,1.01353
-0.233623,-1.0871
-0.382501,-0.555683
-1.28303,-0.886055
-1.50584,0.795151
-0.815266,0.223823
1.19377,-0.378761
-1.01342,-1.37545
-0.543974,1.27183
-1.11384,0.0637098
-0.262236,-0.526677
-1.06329,-0.61726
-0.430098,-0.944799
0.174455,-0.270543
0.227545,-0.759413
-0.380795,-0.269198
-0.0940743,-0.931119
0.866508,0.536065
-1.61257,-1.1887
0.287528,-0.225861
0.0502017,0.421937
0.228496,1.12777
-1.42031,1.44816
-1.08936,0.380429
-0.922031,-0.0807171
1.02399,-1.34433
0.984906,-0.473456
-1.30186,-0.294204
1.15525,-1.4752
-0.184713,-0.307481
1.29166,-0.655295
-1.2309,1.34035
-0.666623,1.56662
-0.178116,1.4276
-0.0191578,-0.90451
1.08537,0.925526
0.142014,-0.843327
0.372474,1.55065
-1.53242,1.14013
-0.125024,-0.966592
0.897706,-0.621245
-0.179743,-0.309421
0.0565545,-0.109225
-0.281058,1.09851
-0.609123,1.83685
-0.344954,-0.151456
-1.89387,0.419143
-0.557376,0.995648
-1.08112,0.919794
0.0572522,-0.338668
2.46506,0.631374
0.164477,-0.307226
1.6107,0.158592
-0.318547,-0.149781
0.70517,0.671532
1.55991,0.567273
1.18747,-0.892884
0.657017,0.591374
-1.41085,0.5651
-1.48083,-0.956941
-1.23621,-2.16892
0.311746,-0.900586
0.351311,0.974407
0.372825,1.84405
0.369138,1.30441
1.70803,1.0047
-1.73951,1.16208
1.19652,-0.243889
-0.0275857,0.23119
-1.05709,1.20972
-0.300705,0.0568689
-0.295627,-0.181542
0.934547,2.39366
1.17386,-1.09862
0.725754,0.0934652
-0.220942,-1.56375
1.38166,-0.445131
-0.334679,-0.549191
0.822577,-0.352833
-1.61439,-0.134614
0.357707,1.89457
-0.32628,-0.290958
2.208,0.473562
-0.397438,0.879822
1.48407,-0.519521
-1.10299,0.296662
-0.0426179,-0.661926
1.88527,0.848196
-0.237845,0.783657
1.30921,0.74888
-0.334578,1.63623
-0.00294031,-1.4201
1.03618,-0.773883
0.308435,1.08949
0.0363832,-1.33065
-0.618455,-0.439231
-1.88818,-0.840923
0.233052,0.271238
-1.97267,-0.109312
0.329189,0.0598408
0.975794,-0.318361
0.308218,-0.502863
0.708207,-0.788681
-1.73019,0.00600271
0.546592,-0.560364
-2.08557,-1.62
-0.571406,-1.6043
-0.851252,1.44863
0.225881,0.638967
0.661429,-0.905522
-1.88812,-0.694814
0.633773,-0.0726376
-0.811407,-0.633982
0.760515,-1.66055
0.353429,-0.0186729
0.071597,1.64091
0.711937,-0.259891
-0.382012,-1.12338
-0.421594,-0.486121
-0.0751347,0.355756
-1.13417,-1.55509
0.200627,-0.233572
-0.0729318,-1.49145
-0.229579,-1.73765
-0.337301,0.539031
-0.328137,0.330351
0.650415,0.83605
1.19883,1.41651
0.349548,-0.566086
0.0100741,-2.16424
1.2451,0.0969895
-0.430649,0.504683
-1.44419,2.01517
0.102918,-0.156454
-0.232941,-2.06703
0.965946,0.388436
0.798874,-0.052042
0.0390192,0.497804
-0.0546659,0.106249
0.726699,1.00258
0.803605,0.981608
0.537555,2.05544
0.407944,-0.395906
-0.569063,0.166747
-0.400751,1.27549
-1.56026,-0.221952
-1.54098,0.239799
0.640447,0.381107
3.00597,0.234084
-1.06807,-1.0864
-0.644634,-0.524745
0.421989,1.7195
0.118065,-1.07254
1.27392,0.853325
-0.772433,0.983799
-0.35433,0.161064
2.26712,-0.87808
-0.174387,0.514183
1.58639,0.163433
-1.85128,-1.17786
0.0692956,-0.565837
-0.692372,1.79648
1.04471,0.204155
0.558054,-0.560643
-2.12037,0.839896
-0.348385,1.30296
-0.160593,1.04016
-1.44048,1.08483
0.129331,0.351249
-0.149207,0.651706
-1.25972,-0.955701
-0.849189,0.29652
0.889553,0.0463573
0.607452,0.837474
-0.0253194,-0.897952
0.259782,0.55488
0.22535,1.88759
-1.24133,0.882436
0.566761,-0.262653
1.08054,0.566236
-1.33422,1.03817
1.47587,0.152727
-0.399457,1.6002
-1.34557,-1.0914
1.07558,1.5362
-0.835927,0.19264
-1.39029,-1.10665
-0.487885,-0.0995212
-0.496632,-0.746916
0.571623,0.00719599
2.26868,1.14067
-0.643653,-0.486971
-0.408837,1.28223
-0.00819015,0.615224
-1.53984,-0.410896
2.47878,-2.23619
1.16884,0.867037
0.349171,0.784642
1.37642,0.528028
0.72906,1.02084
-0.476596,1.2306
-0.750135,-1.43083
-0.407305,-0.631415
1.52985,0.0324351
-0.06498,-1.49731
-1.01694,0.823782
0.352577,0.272922
-1.59924,-1.12472
2.73558,-0.81676
-0.656548,1.16054
0.453128,0.632914
0.923989,1.92915
-0.0272157,2.0197
-1.75858,-0.872873
-0.258502,0.683438
-0.351834,-1.925
-0.388658,-0.0284435
-0.783188,0.17064
-1.4041,1.16637
1.2503,-0.840878
-0.90077,-0.260299
-0.445022,-1.24754
0.574319,0.0839593
-0.333347,1.47552
-0.180969,0.856815
0.497275,-0.61706
-0.00538424,-0.0689298
0.265994,-2.39858
1.59213,0.796743
1.54336,-0.510172
-1.7766,-0.72362
-0.0596193,0.644716
0.180615,-0.863938
0.167984,0.261141
-1.33282,-0.333629
-0.0156105,-0.618122
0.842182,-0.722902
-1.58159,2.35718
-1.24358,-1.18058
0.435333,0.332606
-0.161313,0.333698
0.100813,-1.56862
0.566586,-0.861281
-0.110796,-0.915861
0.131859,0.207623
0.85309,-0.989662
0.151609,0.659654
2.24865,-1.03838
-1.11615,-1.45925
1.8237,-1.37384
-0.159143,1.43971
0.196117,-0.989497
-3.35055,-2.5142
0.154489,0.752606
-1.09061,1.51117
0.664632,0.629427
0.785465,-1.6227
0.595805,0.902142
-0.484342,0.948584
-0.845868,-1.4559
-0.118763,-1.07397
-0.226115,-0.0602094
-0.323072,0.379191
0.342032,-2.03377
-0.0731178,0.858951
1.06574,0.125051
-0.969748,-1.66969
-0.429143,-0.22572
-1.38005,0.980104
-0.224046,0.765659
2.33454,0.00742543
-0.388298,0.281973
-0.126641,-0.187858
0.463473,-0.0893189
-1.54242,0.306267
-0.749754,0.649669
1.95291,0.0707266
-0.941394,-0.127423
-1.68814,0.564834
-1.08988,0.174554
1.46518,1.41361
1.70109,-0.192056
-0.966149,-0.539962
-0.992817,-0.887477
0.363958,1.2666
0.431349,1.01069
-0.782256,0.587171
0.0361357,-1.41123
0.0799669,-1.38959
0.93248,0.403486
0.300519,-0.901907
-0.0158069,-1.59564
0.820478,0.167597
0.111845,0.126925
-1.2818,-1.13492
0.411164,0.271259
0.260525,0.768794
-0.807213,0.10757
-0.0500657,0.281699
-0.401649,0.620061
-0.211547,-1.01813
0.683936,-0.189879
0.664426,-0.96381
1.09532,1.22769
-0.667117,-1.62173
-1.18474,-0.226685
0.453503,-0.382511
-0.28871,2.07916
-0.271269,-1.89347
0.0208896,-0.14521
-1.13337,-1.75415
0.724756,0.240147
-0.0779831,1.20064
-0.773319,1.06016
0.101667,-0.725975
-0.427089,-0.83661
-0.702757,1.18654
-0.744792,0.226201
1.221,-0.429507
0.831532,-0.128067
-0.765737,0.080122
-0.501188,-0.300298
-0.935461,-0.875041
0.279612,0.198906
-0.588515,0.186561
-2.2043,1.16899
0.90661,-0.114433
1.50163,-0.659974
-2.45432,-0.748192
0.359611,0.677156
1.25144,-0.175651
-0.902998,1.3241
-0.398191,0.242727
1.00553,-0.503255
0.635278,-1.20582
-0.0617632,0.703557
0.40838,1.862
-0.741166,1.07495
-0.250798,-1.00172
0.140791,-0.342885
0.641098,-0.678066
0.107334,-0.349603
-0.470041,-0.00546761
-0.638247,-1.38002
1.02955,-1.89188
1.18273,0.405044
0.0835463,0.635007
-1.54162,-0.776078
-1.40389,-0.203398
-0.130074,0.302437
0.6944,-0.484374
-0.17003,0.748463
0.456396,0.41685
1.65025,0.671478
-0.0977577,-1.70247
1.70255,-1.74946
0.0119673,-2.30468
1.08207,0.759571
1.95538,-0.842946
-0.136183,1.51681
-0.982239,-1.38086
-1.57629,-0.498189
0.948521,0.909072
-1.5923,0.300918
0.482719,0.182054
-1.43354,1.56606
0.247307,-0.353747
-1.14361,1.48428
-0.2266,-1.15678
-0.453889,0.0549376
-0.318015,-0.547019
-1.35061,0.104937
-1.01504,-0.815194
-0.876968,0.420854
0.315061,-1.93763
0.148142,-0.596026
-0.148297,0.517648
